Content Type,Video title,Video publish date,Video publish year,likeCount,commentCount,durationSecs,definition,caption,pushblishDayName,tagCount,noOfWordsInTitle,Views,Engagement
Video,I Survived A Plane Crash,20-08-2022,2022,2087088,68069,494,hd,FALSE,Saturday,0,5,42003849,Medium
Video,100000000 Subscriber Special,22-08-2022,2022,1302211,91010,15,hd,FALSE,Sunday,0,3,20088769,Low
Video,100 Girls Vs 100 Boys For $500000,23-08-2022,2022,2979131,131689,1013,hd,TRUE,Saturday,0,7,73775726,High
Video,I Didnt Eat Food For 30 Days,24-08-2022,2022,2503329,101765,784,hd,TRUE,Saturday,0,7,51874612,Medium
Video,$10000 Every Day You Survive Prison,26-08-2022,2022,3558864,157736,839,hd,TRUE,Saturday,0,6,94803347,High
Video,Would You Swim With Sharks For $100000?,27-08-2022,2022,2907808,104439,540,hd,TRUE,Saturday,0,7,86411633,High
Video,Extreme $1000000 Hide And Seek,29-08-2022,2022,3204903,136334,729,hd,TRUE,Saturday,0,5,72716579,High
Video,$1000000 Influencer Tournament!,30-08-2022,2022,2810083,92112,725,hd,TRUE,Thursday,0,3,58371782,Medium
Video,I Got Hunted By The Military,31-08-2022,2022,3040477,97024,662,hd,TRUE,Friday,0,6,83510644,High
Video,Last To Take Hand Off Lamborghini Keeps It,03-09-2022,2022,3528002,129164,943,hd,TRUE,Saturday,0,8,98391791,High
Video,First To Rob Bank Wins $100000,04-09-2022,2022,2839239,123144,482,hd,TRUE,Sunday,0,6,81994727,High
Video,Extreme $500000 Game Of Tag!,05-09-2022,2022,3141935,101461,760,hd,TRUE,Saturday,0,5,80245375,High
Video,I Got Hunted By The FBI,07-09-2022,2022,2996794,92083,951,hd,TRUE,Saturday,0,6,103537282,High
Video,If You Can Carry $1000000 You Keep It!,08-09-2022,2022,2419011,73564,645,hd,TRUE,Saturday,0,8,87105888,High
Video,Would YOU Quit School For $100000?,09-09-2022,2022,2308480,80950,694,hd,TRUE,Saturday,0,6,74946939,High
Video,I Survived 50 Hours In A Maximum Security Prison,10-09-2022,2022,2638612,98287,754,hd,TRUE,Saturday,0,9,118353802,High
Video,Hit The Target Win $300000,11-09-2022,2022,2801752,86026,818,hd,TRUE,Saturday,0,5,107563415,High
Video,Anything You Can Fit In The Triangle I’ll Pay For,12-09-2022,2022,2490713,87290,968,hd,TRUE,Tuesday,0,10,91649750,High
Video,I Got Hunted By A Real Bounty Hunter,13-09-2022,2022,3131423,126998,861,hd,TRUE,Saturday,0,8,106796508,High
Video,Extreme $100000 Game of Tag!,14-09-2022,2022,2684025,119457,1014,hd,TRUE,Saturday,0,5,109701349,High
Video,Would You Sit In Snakes For $10000?,15-09-2022,2022,3849521,138489,849,hd,TRUE,Saturday,0,7,158173540,High
Video,I Bought The Worlds Largest Mystery Box! ($500000),16-09-2022,2022,3582751,169661,709,hd,TRUE,Saturday,0,8,137117169,High
Video,Offering People $100000 To Quit Their Job,18-09-2022,2022,2874553,119216,627,hd,TRUE,Saturday,0,7,94817375,High
Video,I Sold My House For $1,19-09-2022,2022,3019876,117190,560,hd,TRUE,Saturday,0,6,96702186,High
Video,If You Press This I’ll Pay...,20-09-2022,2022,2755614,153011,664,hd,TRUE,Saturday,0,6,46331329,Medium
Video,I Put 1000000 Christmas Lights On A House (World Record),24-09-2022,2022,2267894,109568,683,hd,TRUE,Wednesday,0,10,61734658,Medium
Video,Steal This $100000 Diamond You Keep It,27-09-2022,2022,2752682,95013,843,hd,TRUE,Saturday,0,7,124063892,High
Video,Press This Button To Win $100000!,28-09-2022,2022,3222132,89174,911,hd,TRUE,Saturday,0,6,188563644,High
Video,I Uber’d People And Let Them Keep The Car,30-09-2022,2022,2826720,83972,851,hd,TRUE,Saturday,0,9,76564559,High
Video,$300000 Influencer Trivia Tournament!,01-10-2022,2022,2114947,118405,1445,hd,TRUE,Sunday,4,4,55280450,Medium
Video,I Filled My Brother’s House With Slime & Bought Him A New One,02-10-2022,2022,2951781,118101,565,hd,TRUE,Saturday,0,13,117197352,High
Video,Would You Rather Have A Giant Diamond or $100000?,04-10-2022,2022,2275601,73502,805,hd,TRUE,Saturday,0,9,102169983,High
Video,Why I Haven’t Been Uploading,06-10-2022,2022,2246115,97528,382,hd,TRUE,Thursday,0,5,36166740,Medium
Video,Get This Random Person 1000000 Subscribers,07-10-2022,2022,1917381,123049,845,hd,TRUE,Saturday,0,6,47984700,Medium
Video,Would YOU Rather Have A Lamborghini or This House?,08-10-2022,2022,3342867,154694,1102,hd,TRUE,Saturday,0,9,152303996,High
Video,I Bought A Private Island,10-10-2022,2022,3057388,129302,697,hd,TRUE,Thursday,0,5,94025705,High
Video,I Spent $1000000 On Lottery Tickets and WON,11-10-2022,2022,2444647,84957,613,hd,TRUE,Saturday,0,8,73591770,High
Video,I Ate The World’s Largest Slice Of Pizza,12-10-2022,2022,3082678,130754,483,hd,TRUE,Saturday,0,8,134046621,High
Video,Would You Rather Have $100000 OR This Mystery Key?,16-10-2022,2022,3102161,119514,1101,hd,TRUE,Saturday,0,9,144357970,High
Video,I Built The Worlds Largest Lego Tower,17-10-2022,2022,2431010,74217,836,hd,TRUE,Saturday,0,7,94416019,High
Video,I Spent 50 Hours In Solitary Confinement,18-10-2022,2022,3535473,111216,952,hd,TRUE,Saturday,0,7,192224044,High
Video,I Gave $200000 To People Who Lost Their Jobs (Corona Virus),20-10-2022,2022,1339429,67232,919,hd,TRUE,Thursday,0,11,37514353,Medium
Video,Videos I Could Not Upload...,21-10-2022,2022,2489550,62290,812,hd,TRUE,Thursday,0,5,77258311,High
Video,$250000 Influencer Rock Paper Scissors Tournament,22-10-2022,2022,1604473,56575,1680,hd,TRUE,Sunday,0,6,44753767,Medium
Video,I Spent 24 Hours In A Doomsday Bunker,23-10-2022,2022,2301557,79390,719,hd,TRUE,Saturday,0,8,120735393,High
Video,Giving $1000000 Of Food To People In Need,24-10-2022,2022,1395106,66788,749,hd,TRUE,Friday,0,8,30469365,Medium
Video,I Ran A Marathon In The Worlds Largest Shoes,25-10-2022,2022,2166788,61881,829,hd,TRUE,Saturday,0,9,77018759,High
Video,$70000 Extreme Hide And Seek - Challenge,26-10-2022,2022,1944162,67975,1121,hd,TRUE,Friday,0,7,83448132,High
Video,I Ate A $70000 Golden Pizza,28-10-2022,2022,3212386,108309,776,hd,TRUE,Saturday,0,6,156547807,High
Video,Surprising My Girlfriend With 100000 Roses For Valentines Day,29-10-2022,2022,2469268,94129,788,hd,TRUE,Friday,0,9,76116443,High
Video,Lamborghini Race Winner Keeps Lamborghini,30-10-2022,2022,2018333,55524,923,hd,TRUE,Saturday,0,5,85310315,High
Video,I Gave My Credit Card To Random People,31-10-2022,2022,3083778,96516,1008,hd,TRUE,Saturday,0,8,119174518,High
Video,I Went Back To Boy Scouts For A Day,01-11-2022,2022,1596302,45242,818,hd,TRUE,Saturday,0,9,77030739,Medium
Video,$60000 Extreme Hide And Seek - Challenge,02-11-2022,2022,1983331,49110,1079,hd,TRUE,Friday,0,7,91817030,High
Video,How I Gained 15000000 Subscribers In 1 Year,03-11-2022,2022,873118,42383,394,hd,TRUE,Friday,0,8,17412482,Low
Video,Important Youtube Announcement (please watch),04-11-2022,2022,2399880,133991,155,hd,TRUE,Saturday,0,5,33441765,Medium
Video,Spending $1000000 In 24 Hours,06-11-2022,2022,3305170,123040,910,hd,TRUE,Saturday,0,5,117304733,High
Video,Last To Stop Riding Bike Wins $1000000 (Part 4),08-11-2022,2022,1079943,94093,705,hd,TRUE,Saturday,0,9,42248892,Medium
Video,Last To Leave Toilet Wins $1000000 (Part 3),09-11-2022,2022,1311252,48160,946,hd,TRUE,Saturday,0,8,56438352,Medium
Video,I Ordered Pizza And Tipped The House,10-11-2022,2022,3350939,103805,782,hd,TRUE,Thursday,0,7,95781685,High
Video,Last to Stop Swinging Wins $1000000 (Part 2),11-11-2022,2022,1514470,81116,783,hd,TRUE,Saturday,0,8,69562910,Medium
Video,$50000 Game Of Extreme Hide And Seek - Challenge,12-11-2022,2022,2294372,50224,903,hd,TRUE,Thursday,0,9,101596696,High
Video,I Opened A FREE BANK,13-11-2022,2022,2041232,91315,652,hd,TRUE,Saturday,0,5,73035514,High
Video,Going Around A Ferris Wheel 1000 Times Straight,14-11-2022,2022,1593448,47076,776,hd,TRUE,Saturday,0,8,62723299,Medium
Video,Last To Fall Wins $1000000 (Part 1),15-11-2022,2022,2187079,53532,1017,hd,TRUE,Thursday,0,7,94932665,High
Video,Surviving 24 Hours Straight In The Bermuda Triangle,16-11-2022,2022,2646549,92861,701,hd,TRUE,Saturday,0,8,127718929,High
Video,I Spent $100000 On Lottery Tickets And Won!,17-11-2022,2022,1202862,30984,910,hd,TRUE,Thursday,0,8,44733570,Medium
Video,Planting 20000000 Trees My Biggest Project Ever!,18-11-2022,2022,3777899,165990,443,hd,TRUE,Friday,0,7,70348272,High
Video,Last To Take Hand Off Boat Keeps It,19-11-2022,2022,1460251,57495,1008,hd,TRUE,Saturday,0,8,77908708,Medium
Video,I Searched 100 Dumpsters Heres What I Found,20-11-2022,2022,1578381,52489,1028,hd,TRUE,Saturday,0,8,91437351,High
Video,Going Through The Same Drive Thru 1000 Times,21-11-2022,2022,3563848,127145,938,hd,TRUE,Saturday,0,8,161264322,High
Video,Donating $100000 To Random Streamers,22-11-2022,2022,1190028,42094,963,hd,TRUE,Saturday,0,5,38508818,Medium
Video,Surviving 24 Hours Straight In A Rain Forest,23-11-2022,2022,1803465,71367,789,hd,TRUE,Saturday,0,8,83924497,High
Video,Last To Leave Ramen Noodle Pool Wins $20000,24-11-2022,2022,1125387,43631,872,hd,TRUE,Friday,0,8,48296121,Medium
Video,Anything You Can Carry Ill Pay For #2,25-11-2022,2022,1232875,33258,839,hd,TRUE,Friday,0,8,52383600,Medium
Video,I Gave My Brother 24 Hours To Spend $100000,26-11-2022,2022,1672274,55697,788,hd,TRUE,Saturday,0,9,53693600,Medium
Video,I Opened A Free Car Dealership,27-11-2022,2022,2854623,138189,999,hd,TRUE,Thursday,0,6,98659985,High
Video,Last To Leave Pool Of $20000 Keeps It,28-11-2022,2022,2294079,80494,999,hd,TRUE,Saturday,0,8,110414754,High
Video,Surviving 24 Hours On A Deserted Island,29-11-2022,2022,2469233,75688,832,hd,TRUE,Thursday,0,7,121409165,High
Video,Last To Leave Roller Coaster Wins $20000 - Challenge,30-11-2022,2022,2125003,65622,917,hd,TRUE,Saturday,0,9,92864835,High
Video,I Won Every Prize At A Theme Park,01-12-2022,2022,2078865,66568,802,hd,TRUE,Thursday,0,8,104294814,High
Video,Destroying My Friends Car And Surprising Him With A New One,02-12-2022,2022,2100367,61117,893,hd,FALSE,Saturday,0,11,77785926,High
Video,I Spent 24 Hours Straight At Area 51,03-12-2022,2022,2366845,92136,919,hd,FALSE,Friday,0,8,87213811,High
Video,Can 50000 Magnets Catch A Cannon Ball?,04-12-2022,2022,1151159,42399,569,hd,FALSE,Saturday,0,7,48553674,Medium
Video,Worlds Largest Game Of Dodgeball,05-12-2022,2022,1255152,57558,677,hd,FALSE,Friday,0,5,55061305,Medium
Video,Tipping Waitresses With Real Gold Bars,07-12-2022,2022,1420518,85389,812,hd,FALSE,Friday,0,6,54466602,Medium
Video,I Opened The Worlds First FREE Store,08-12-2022,2022,1804276,76496,891,hd,FALSE,Saturday,0,7,61336075,Medium
Video,Spending 24 Hours On Top Of A Mountain,09-12-2022,2022,2580433,110495,924,hd,FALSE,Thursday,0,8,120828847,High
Video,Last To Leave VR Wins $20000,10-12-2022,2022,2139232,91710,858,hd,FALSE,Saturday,0,6,93519352,High
Video,Last To Stop Running Wins $20000,11-12-2022,2022,1981883,67340,898,hd,FALSE,Thursday,0,6,91621494,High
Video,Paying People $10000 To Eat Ghost Pepper,12-12-2022,2022,1081989,36383,886,hd,FALSE,Saturday,19,7,37853766,Medium
Video,24 Hours In The Most Haunted Place On Earth,13-12-2022,2022,2025338,121110,907,hd,FALSE,Thursday,19,9,67313167,Medium
Video,Worlds Largest Bowl Of Cereal,15-12-2022,2022,2033422,81688,942,hd,FALSE,Wednesday,19,5,107383804,High
Video,Spending 24 Hours In A City With No Laws,16-12-2022,2022,1838144,63594,869,hd,FALSE,Tuesday,0,9,97836465,High
Video,Giving $10000 To Random People And Saying Nothing,17-12-2022,2022,1277515,49265,959,hd,FALSE,Tuesday,0,8,53355845,Medium
Video,Molten Lava Vs Giant Ice Block Experiment,18-12-2022,2022,1375063,42392,458,hd,FALSE,Saturday,0,7,67174584,Medium
Video,Anything You Can Carry Ill Pay For Challenge,19-12-2022,2022,1533003,92916,909,hd,FALSE,Saturday,0,8,75695750,High
Video,Homeless Man Buys A Lamborghini,20-12-2022,2022,2484559,73728,860,hd,FALSE,Thursday,0,5,92378805,High
Video,Playing Battleship With Real Ships,21-12-2022,2022,926899,35741,932,hd,FALSE,Saturday,0,5,33270742,Low
Video,Donating $100000 To Shroud In Real Life,22-12-2022,2022,866660,21448,854,hd,FALSE,Thursday,0,7,30950529,Low
Video,Last To Leave The Tesla Keeps It Challenge,23-12-2022,2022,1494294,44568,1109,hd,FALSE,Friday,18,8,79202192,Medium
Video,Donating $100000 To Streamers With 0 Viewers,24-12-2022,2022,2438082,70729,877,hd,FALSE,Sunday,0,7,65752064,Medium
Video,Surviving 24 Hours Straight In A Desert,25-12-2022,2022,2133581,91226,844,hd,FALSE,Saturday,0,7,98963849,High
Video,$200000 Youtuber Battle Royale,26-12-2022,2022,1624499,146054,1584,hd,FALSE,Tuesday,0,4,46208002,Medium
Video,Surprising Strangers With 100 Zombies - Experiment,27-12-2022,2022,1619692,57632,721,hd,FALSE,Sunday,19,7,54102151,Medium
Video,I Gave A Homeless Man A Home,28-12-2022,2022,2025725,115215,802,hd,FALSE,Thursday,0,7,68647387,High
Video,Standing Still For 24 Hours Straight - Statue Challenge,29-12-2022,2022,1400695,36846,1096,hd,FALSE,Friday,0,9,68416229,Medium
Video,Giant Monopoly Game With Real Money,30-12-2022,2022,1554399,67395,943,hd,FALSE,Friday,0,6,66948392,Medium
Video,I Spent 24 Hours Straight In Insane Asylum,31-12-2022,2022,2050431,136490,956,hd,FALSE,Sunday,20,8,99562814,High
Video,I Advertised Pewdiepie At The Super Bowl,01-01-2023,2023,1241721,67549,765,hd,FALSE,Monday,0,7,41254658,Medium
Video,I Went Back To 1st Grade For A Day,02-01-2023,2023,2526332,136858,1066,hd,FALSE,Thursday,0,9,134564318,High
Video,I Opened The World’s Cheapest Store,03-01-2023,2023,1131300,86000,919,hd,FALSE,Saturday,0,6,39317186,Medium
Video,I Put 10 Million Legos in Friends House,04-01-2023,2023,1000913,60387,917,hd,FALSE,Friday,0,8,50953693,Medium
Video,20000 Magnets Vs A Car,06-01-2023,2023,711651,24418,723,hd,FALSE,Monday,0,5,28715980,Low
Video,Eating A $10000 Golden Steak (24k Gold),07-01-2023,2023,1822408,90470,990,hd,FALSE,Friday,0,7,106209080,High
Video,Last To Take Hand Off House Keeps It!,08-01-2023,2023,1177681,44068,1050,hd,FALSE,Tuesday,20,8,61722907,Medium
Video,I Gave Him One Hour To Spend $100000!,09-01-2023,2023,1389839,69882,830,hd,FALSE,Tuesday,0,8,67200906,Medium
Video,How I Gave Away $1000000,10-01-2023,2023,488921,35069,914,hd,FALSE,Tuesday,0,5,14131014,Low
Video,Giving $100000 To A Homeless Person,11-01-2023,2023,1009166,72927,884,hd,FALSE,Sunday,0,6,29945717,Low
Video,I Spent 24 Hours Straight In Prison - Challenge,12-01-2023,2023,1776402,76378,892,hd,FALSE,Wednesday,0,9,92448612,High
Video,Donating $10000 To Pewdiepie,13-01-2023,2023,1704542,51416,915,hd,FALSE,Sunday,0,4,45297956,Medium
Video,Last Youtuber To Leave Wins $100000 - Challenge,14-01-2023,2023,1891464,98144,1479,hd,FALSE,Wednesday,0,8,75872337,High
Video,I Put Millions Of Pennies In My Friends Backyard,15-01-2023,2023,1711815,59358,881,hd,FALSE,Saturday,0,9,86164453,High
Video,Surprising TFue With A Fortnite Battle Bus In Real Life,16-01-2023,2023,1796186,64311,865,hd,FALSE,Friday,0,10,94778284,High
Video,I Built A Giant House Using Only Legos,17-01-2023,2023,1005620,50794,829,hd,FALSE,Sunday,0,8,59415114,Medium
Video,Last To Leave Slime Pit Wins $20000 - Challenge,18-01-2023,2023,1755531,71255,1088,hd,FALSE,Friday,0,9,92074962,High
Video,Destroyed Friends House And Bought Him A New One,20-01-2023,2023,1074063,70389,878,hd,FALSE,Saturday,0,9,40645726,Medium
Video,Spending $40000 In One Hour Challenge,22-01-2023,2023,905689,56599,849,hd,FALSE,Saturday,20,6,42417326,Medium
Video,Giving My 10000000th Subscriber 10000000 ___,23-01-2023,2023,675943,32435,1099,hd,FALSE,Tuesday,0,6,24549533,Low
Video,$10000 Games Of Rock Paper Scissors,24-01-2023,2023,504882,26038,787,hd,FALSE,Sunday,0,6,17774728,Low
Video,Last To Remove Hand Gets Lamborghini Challenge,25-01-2023,2023,1458435,75282,1187,hd,FALSE,Friday,20,7,72832289,Medium
Video,You Pick The Right Cup You Win $100000!,26-01-2023,2023,973175,36743,1055,hd,FALSE,Sunday,20,8,35456101,Low
Video,I Bought Every Billboard In My City For This,27-01-2023,2023,1311215,111681,931,hd,FALSE,Friday,0,9,37500308,Medium
Video,Ordering Water Then Tipping $30000,28-01-2023,2023,1124020,47731,723,hd,FALSE,Tuesday,0,5,41753252,Medium
Video,I Spent $50000 On Lottery Tickets And Won ____,29-01-2023,2023,740529,34911,1014,hd,FALSE,Friday,0,9,30147770,Low
Video,Last To Leave Circle Wins $10000 - Challenge,30-01-2023,2023,1394169,60404,996,hd,FALSE,Friday,0,8,79898839,Medium
Video,I Spent 24 Hours Straight In Slime,31-01-2023,2023,895915,34349,878,hd,FALSE,Tuesday,22,7,39663261,Medium
Video,Surprising Tfue With $10000 Live - Fortnite,01-02-2023,2023,1446367,47983,923,hd,FALSE,Thursday,14,7,68051458,Medium
Video,I Spent $30000 On Lottery Tickets And Won ____,02-02-2023,2023,421219,22920,1052,hd,FALSE,Friday,0,9,16743501,Low
Video,Flat Earth PROVEN By Independent Research,03-02-2023,2023,769503,140714,712,hd,FALSE,Saturday,0,6,26401526,Low
Video,Things That SHOULDNT Be Sold On Amazon,04-02-2023,2023,1540929,51804,846,hd,FALSE,Friday,15,7,98475713,High
Video,Surprising My 8000000th Subscriber With 8000000 ___,05-02-2023,2023,482182,19095,1132,hd,FALSE,Wednesday,31,7,27122176,Low
Video,I Donated $25000 To Random Kids Streaming Fortnite,06-02-2023,2023,1258147,40820,1057,hd,FALSE,Friday,27,8,61093124,Medium
Video,I Hope This Magic Trick Works,07-02-2023,2023,705073,20027,982,hd,FALSE,Tuesday,11,6,41427788,Medium
Video,Can A Glowing 1000 Degree Sword Slice A Car In Half?,08-02-2023,2023,1064363,39216,613,hd,FALSE,Thursday,28,11,64649797,Medium
Video,Rocket League In Real Life!,09-02-2023,2023,525280,16814,775,hd,FALSE,Saturday,9,5,27254622,Low
Video,Destroying My Friends Car And Surprising Him With A New One - Slime,10-02-2023,2023,2064624,65785,971,hd,FALSE,Tuesday,16,13,91901449,High
Video,Spending 24 Hours Straight Under Water Challenge,11-02-2023,2023,2724430,105482,911,hd,FALSE,Friday,9,7,104006992,High
Video,Attempting The Impossible Maze - $10000 Challenge,12-02-2023,2023,981194,33129,1187,hd,FALSE,Wednesday,0,7,52595254,Medium
Video,Donating $100000 To A Random Fortnite Streamer,13-02-2023,2023,1073704,51637,1382,hd,FALSE,Sunday,0,7,50605079,Medium
Video,Moving 10 Pounds Using ONLY Sound,14-02-2023,2023,1182857,51388,826,hd,FALSE,Thursday,0,6,43282944,Medium
Video,Returning Destroyed Rental Cars Prank,15-02-2023,2023,552588,17804,630,hd,FALSE,Friday,8,5,33187912,Low
Video,I Gave My 6000000th Subscriber 6000000 ____,16-02-2023,2023,378910,33391,1113,hd,FALSE,Wednesday,0,7,16359909,Low
Video,Can 1000 Fans At Max Speed Push A Car?,17-02-2023,2023,544236,37495,743,hd,FALSE,Tuesday,2,9,24446435,Low
Video,I Donated $50000 To Ninja - Fortnite,18-02-2023,2023,2093940,62476,1322,hd,FALSE,Saturday,5,7,93512172,High
Video,I Ubered Random People In A Tank,19-02-2023,2023,791512,45144,604,hd,FALSE,Wednesday,0,7,27875091,Low
Video,Worlds Hottest Substance Vs Coldest Substance,20-02-2023,2023,1543160,54570,712,hd,FALSE,Saturday,0,6,83232270,High
Video,The Real Way Dinosaurs Went Extinct,21-02-2023,2023,713121,44523,351,hd,FALSE,Thursday,0,6,25631598,Low
Video,I Donated $1000 Every Time She Blinked - Fortnite Streamers,22-02-2023,2023,620680,25468,946,hd,FALSE,Sunday,3,10,20465051,Low
Video,I Built A Working Car Using Only LEGOS,23-02-2023,2023,1566583,102725,750,hd,FALSE,Saturday,20,8,68155097,Medium
Video,Do Water Repellent Shoes Actually Work?,24-02-2023,2023,1535387,65269,699,hd,FALSE,Friday,8,6,104218161,High
Video,We Drove 3000 Miles For The Worlds Best Burger,25-02-2023,2023,1173463,97858,926,hd,FALSE,Saturday,2,9,49882545,Medium
Video,I Gave My 5000000th Subscriber 5000000 ______,26-02-2023,2023,291733,19759,712,hd,FALSE,Friday,2,7,11018720,Low
Video,I Made Money Grow On Trees,27-02-2023,2023,425375,37631,634,hd,FALSE,Friday,4,6,16738959,Low
Video,I Took Apart My Friends Car And Put It In His Room,28-02-2023,2023,306896,12499,734,hd,FALSE,Friday,0,12,15295566,Low
Video,How Many Rubber Bands Does It Take To Snap A Safe?,01-03-2023,2023,890506,46271,616,hd,FALSE,Tuesday,1,11,35648651,Low
Video,Pulling Cars Over Using A Toy Police Car,02-03-2023,2023,535132,19469,816,hd,FALSE,Sunday,2,8,23854101,Low
Video,I Gave $500000 To Random People,03-03-2023,2023,419897,31817,903,hd,FALSE,Friday,0,6,13592498,Low
Video,How Many Toy Cars Does It Take To Pull A Real Car?,04-03-2023,2023,727990,27535,708,hd,FALSE,Friday,2,12,38825485,Low
Video,I Gave $20000 To People From An Ice Cream Truck,05-03-2023,2023,342659,21797,822,hd,FALSE,Wednesday,0,10,14401508,Low
Video,$10000 Ice Sculpture Vs Flame,06-03-2023,2023,491055,31170,909,hd,FALSE,Tuesday,2,5,22724948,Low
Video,Can 1000 Rolls Of Duct Tape Stop A Car??,07-03-2023,2023,534229,25360,623,hd,FALSE,Monday,2,9,25835542,Low
Video,Winning A Game Of Fortnite In The Middle Of The Ocean,08-03-2023,2023,775010,49425,615,hd,FALSE,Wednesday,10,11,30435547,Low
Video,I Flew Using Only Balloons AND Leaf Blowers,09-03-2023,2023,640798,46146,678,hd,FALSE,Monday,2,8,31578213,Low
Video,I Donated $40000 To A Random Twitch Fortnite Streamer (world record),10-03-2023,2023,612509,30039,1483,hd,FALSE,Saturday,5,11,23616209,Low
Video,Destroying My Friends Car And Surprising Him With A New One,11-03-2023,2023,612500,36577,912,hd,FALSE,Friday,0,11,37597935,Low
Video,Walking Up To Random People With 100 StormTroopers,12-03-2023,2023,479256,39619,604,hd,FALSE,Wednesday,10,8,18336530,Low
Video,I Donated $10000 If They Said This Word (Twitch Streamers),13-03-2023,2023,551135,22599,785,hd,FALSE,Wednesday,3,10,19700877,Low
Video,Giving My 4000000th Subscriber 4000000 Cookies,14-03-2023,2023,342134,25918,641,hd,FALSE,Monday,1,6,12989318,Low
Video,I Tipped Waitresses $20000,15-03-2023,2023,345966,20256,744,hd,FALSE,Friday,1,4,14295122,Low
Video,Walking Into Random Stores With 100 Dinosaurs,16-03-2023,2023,870187,45919,612,hd,FALSE,Thursday,2,7,31428080,Low
Video,I Built A Mansion Using Only Cardboard Boxes,17-03-2023,2023,561070,24041,430,hd,FALSE,Tuesday,1,8,24791460,Low
Video,Breaking Glass Using Only Megaphones,18-03-2023,2023,1389128,77848,552,hd,FALSE,Saturday,1,5,52502680,Medium
Video,Tying My Shoes In Every State (World Record),19-03-2023,2023,437979,43272,910,hd,FALSE,Friday,0,8,17438281,Low
Video,I Dropped $20000 From A Drone,20-03-2023,2023,246538,17733,711,hd,FALSE,Thursday,2,6,7623932,Low
Video,Donating $10000 To Fortnite Streamers If They Win,21-03-2023,2023,273278,16190,966,hd,FALSE,Saturday,2,8,11235158,Low
Video,Trying To Fly Using Only Leaf Blowers,22-03-2023,2023,421328,29854,790,hd,FALSE,Thursday,0,7,17778059,Low
Video,Giving 3000000 Pennies To My 3000000th Subscriber,23-03-2023,2023,232261,22755,610,hd,FALSE,Thursday,1,7,8580960,Low
Video,I Donated $30000 To My Favorite Twitch Streamer (ninja),24-03-2023,2023,862528,40071,677,hd,FALSE,Wednesday,4,9,36501316,Low
Video,I Gave $20000 To Random Homeless People,25-03-2023,2023,1302567,75705,656,hd,FALSE,Saturday,1,7,46281925,Medium
Video,I Bought An Expensive Car Using Only $1 Bills,26-03-2023,2023,1061975,36772,629,hd,FALSE,Tuesday,1,9,36354762,Medium
Video,I Bought The Worlds Most Expensive Apps ($10k),27-03-2023,2023,762446,26488,644,hd,FALSE,Thursday,3,8,26569052,Low
Video,We Delivered 100 Pizzas To Random Houses,28-03-2023,2023,227079,11472,603,hd,FALSE,Friday,1,7,9024678,Low
Video,I Donated $30000 To A Random Twitch Streamer (world record),29-03-2023,2023,1053615,56843,1106,hd,FALSE,Sunday,2,10,32449011,Low
Video,I Bought A Car Using Only Pennies,30-03-2023,2023,715699,40000,728,hd,FALSE,Thursday,1,7,26067377,Low
Video,I Bought One Snickers Bar From Every Walmart,31-03-2023,2023,1105032,73240,640,hd,FALSE,Saturday,1,8,43002958,Medium
Video,Donating Big Donations To Twitch Streamers!!!,01-04-2023,2023,576979,37679,1161,hd,FALSE,Thursday,1,6,27289609,Low
Video,How Many Balloons Does It Take To Float?,02-04-2023,2023,574959,21185,661,hd,FALSE,Saturday,0,8,25316334,Low
Video,Can 10000 Condoms Stop A Bullet?,03-04-2023,2023,485841,23351,498,hd,FALSE,Thursday,2,6,12605532,Low
Video,I Cant Believe I Found This Stuff On Amazon..,04-04-2023,2023,1183842,25535,501,hd,FALSE,Friday,2,9,29821218,Low
Video,I Cant Believe What Was In This Abandoned Storage Unit..,06-04-2023,2023,875421,16144,645,hd,FALSE,Saturday,2,10,24035413,Low
Video,What Can You Cut With Paper?,07-04-2023,2023,711568,35776,602,hd,FALSE,Thursday,2,6,27992979,Low
Video,Life Hacks You Need To Know,08-04-2023,2023,200351,11198,604,hd,FALSE,Friday,1,6,7193524,Low
Video,Can 100000 Pieces Of Paper Stop A Bullet?,09-04-2023,2023,484932,58137,759,hd,FALSE,Wednesday,0,8,25710750,Low
Video,Giving My Mom $100000 (Proudest Day Of My Life),10-04-2023,2023,1449027,44478,745,hd,FALSE,Saturday,3,9,29188887,Low
Video,I Bought An Abandoned Storage Unit And Found This..,11-04-2023,2023,619749,24011,729,hd,FALSE,Friday,0,9,34736796,Low
Video,2256 Miles In One Uber Ride (World Record),12-04-2023,2023,1067748,43889,616,hd,FALSE,Saturday,4,8,40910211,Medium
Video,im really sorry,13-04-2023,2023,191628,10375,207,hd,FALSE,Thursday,1,3,5261692,Low
Video,Hi Me In Two Years (Made Two Years Ago),14-04-2023,2023,598357,40520,110,hd,FALSE,Wednesday,1,9,13242878,Low
Video,What Actually Happens When You Click On Spam Ads,15-04-2023,2023,153221,6465,227,hd,FALSE,Sunday,3,9,3743682,Low
Video,Tipping Uber Drivers $10000,16-04-2023,2023,125204,8516,757,hd,FALSE,Wednesday,3,4,4522205,Low
Video,Going To The Connor McGregor fight!,17-04-2023,2023,230070,11785,342,hd,FALSE,Monday,3,6,5954208,Low
Video,Tipping Pizza Delivery Guys $10000,18-04-2023,2023,684714,41492,769,hd,FALSE,Wednesday,2,5,21804436,Low
Video,Microwaving my iPhone what happens next might shock you..,19-04-2023,2023,121941,8975,366,hd,FALSE,Sunday,4,9,2638206,Low
Video,Donating $10000 To Random Twitch Streamers,21-04-2023,2023,224846,18295,972,hd,FALSE,Tuesday,8,6,10697240,Low
Video,Breaking The Law,22-04-2023,2023,804154,34806,237,hd,FALSE,Sunday,7,3,30965072,Low
Video,Giving Homeless People $1000 (Not Clickbait),23-04-2023,2023,220760,19509,527,hd,FALSE,Wednesday,9,6,6317409,Low
Video,We Are Better Than Dude Perfect,24-04-2023,2023,633614,38762,158,hd,FALSE,Saturday,30,6,24791764,Low
Video,Giving A Random Homeless Man $10000,27-04-2023,2023,516557,34277,602,hd,FALSE,Thursday,8,6,10282971,Low
Video,Toothpaste Life Hacks YOU SHOULD KNOW,28-04-2023,2023,505922,15959,278,hd,FALSE,Tuesday,38,6,19622599,Low
Video,Fidget Spinner Vs Face (Legit Had To Get Stitches),30-04-2023,2023,1418396,83900,427,hd,FALSE,Tuesday,21,9,36435147,Medium
Video,Grilling A Microwave Microwaving A Microwave Microwaving A Toaster Toasting An Iphone Watching Micro,02-05-2023,2023,67108,5121,188,hd,FALSE,Thursday,0,14,1900234,Low
Video,Dropping 10000 Pennies In Public Prank,03-05-2023,2023,140548,9458,109,hd,FALSE,Tuesday,9,6,4694098,Low
Video,#1 MOST INSANE MAGNET LIFE HACK EVER,04-05-2023,2023,528619,18990,323,hd,FALSE,Friday,20,7,26048469,Low
Video,I Cant Break My Strange Addiction,06-05-2023,2023,92187,9367,285,hd,FALSE,Sunday,30,6,1745342,Low
Video,OMG! INSANE CUP FORT,07-05-2023,2023,94744,9542,309,hd,FALSE,Tuesday,15,4,4024287,Low
Video,Savage Level 9000,08-05-2023,2023,317709,21593,121,hd,FALSE,Wednesday,5,3,7117631,Low
Video,Reading The Youtube Terms Of Service,09-05-2023,2023,17795,3659,1557,hd,FALSE,Tuesday,5,6,472375,Low
Video,Microwaving Dry Ice (Microwave Explodes),12-05-2023,2023,94710,6302,363,hd,FALSE,Thursday,3,5,3242672,Low
Video,we are number one but every one is a bad intro,14-05-2023,2023,55526,8575,221,hd,FALSE,Sunday,31,11,1914270,Low
Video,Microwaving A Microwave Microwaving A Toaster,15-05-2023,2023,84897,15477,860,hd,FALSE,Friday,9,6,4761634,Low
Video,HOW TO UNLOCK ANY IPHONE WITHOUT THE PASSCODE,16-05-2023,2023,584853,38329,531,hd,FALSE,Wednesday,37,8,22784883,Low
Video,WHY DO THEY SELL THIS ON AMAZON?,17-05-2023,2023,720588,16162,612,hd,FALSE,Sunday,9,7,8533222,Low
Video,Microwaving A Microwave,18-05-2023,2023,425064,42521,604,hd,FALSE,Friday,6,3,11042758,Low
Video,IF YOU ONLY SEE ORANGE YOURE COLOR BLIND,19-05-2023,2023,92495,7866,233,hd,FALSE,Monday,11,8,1734459,Low
Video,I Mailed Myself IN A BOX & it REALLY WORKED! (Human Mail Challenge),20-05-2023,2023,445653,18258,341,hd,FALSE,Wednesday,11,13,15798230,Low
Video,STUPIDEST PERSN ON EART (Really Dumb),21-05-2023,2023,185990,13123,326,hd,FALSE,Monday,7,6,2469529,Low
Video,THE WORST THINGS EVER TO EXIST,23-05-2023,2023,329791,19295,315,hd,FALSE,Saturday,9,6,3658166,Low
Video,BLOWING UP $1000 KEYBOARD *RIP WALLET*,24-05-2023,2023,229194,5122,316,hd,FALSE,Friday,5,6,3804956,Low
Video,MY $1000 KEYBOARD CHANGED MY LIFE,25-05-2023,2023,358470,8302,213,hd,FALSE,Thursday,4,6,13314293,Low
Video,I BOUGHT A 1000$ KEYBOARD,26-05-2023,2023,36212,2819,381,hd,FALSE,Tuesday,8,5,1498730,Low
Video,IF ONLINE ADS WERE REAL,27-05-2023,2023,586089,19147,276,hd,FALSE,Sunday,10,5,9781697,Low
Video,IT FINALLY CAME IN THE MAIL,28-05-2023,2023,8979,1250,333,hd,FALSE,Monday,8,6,240430,Low
Video,Bleach Bottle Flips (COP CALLED),29-05-2023,2023,54477,3177,283,hd,FALSE,Sunday,8,5,1172973,Low
Video,Hi Me In A Year (Scheduled Uploaded A Year Ago),30-05-2023,2023,45083,4460,119,hd,FALSE,Tuesday,1,10,1314630,Low
Video,Epic New Gaming And Youtube Setup 2016,31-05-2023,2023,12754,948,292,hd,FALSE,Friday,6,7,339268,Low
Video,LISTENING TO OLD VOICEMAILS FOR THE FIRST TIME,02-06-2023,2023,9179,1010,313,hd,FALSE,Sunday,4,8,258639,Low
Video,GAMBLING MONEY WITH SCRATCH OFF TICKETS,03-06-2023,2023,57715,3510,476,hd,FALSE,Friday,1,6,2966937,Low
Video,BEST WALMART TOILET PAPER FORT,04-06-2023,2023,50089,3127,256,hd,FALSE,Wednesday,6,5,1419818,Low
Video,100 LAYERS OF SARAN WRAP + TOILET PAPER!!,05-06-2023,2023,135023,7256,483,hd,FALSE,Tuesday,8,8,3139966,Low
Video,WORST REVIEWS ON AMAZON #4 *FUNNY*,06-06-2023,2023,125846,3811,259,hd,FALSE,Sunday,10,6,1626499,Low
Video,HOW MUCH MONEY DO YOUTUBERS MAKE?,07-06-2023,2023,151060,5740,205,hd,FALSE,Sunday,5,6,3005746,Low
Video,THE WORST SONG ON YOUTUBE *CRINGE*,08-06-2023,2023,40357,6833,247,hd,FALSE,Monday,8,6,761938,Low
Video,SURPRISING MY BROTHER WITH A LAPTOP,09-06-2023,2023,112688,4287,176,hd,FALSE,Sunday,9,6,1569890,Low
Video,SELLING ORGANS FOR $1000000,10-06-2023,2023,121466,7800,335,hd,FALSE,Tuesday,8,4,3490776,Low
Video,POKEMON GO STEREOTYPES,11-06-2023,2023,62490,2818,207,hd,FALSE,Thursday,7,3,2142475,Low
Video,100000 SUBSCRIBERS.EXE,12-06-2023,2023,54772,7280,266,hd,FALSE,Friday,4,2,880912,Low
Video,WORST REVIEWS ON AMAZON #2 HOW IS THIS LEGAL?,13-06-2023,2023,45630,5216,287,hd,FALSE,Saturday,7,9,1145937,Low
Video,BLOWING UP MY TABLET,14-06-2023,2023,6202,1236,164,hd,FALSE,Friday,6,4,131683,Low
Video,Worst Reviews On Amazon #1 (Minecraft Edition),15-06-2023,2023,16654,1510,241,hd,FALSE,Sunday,4,7,686087,Low
Video,WORST THUMBNAILS ON YOUTUBE #3,16-06-2023,2023,31554,1773,184,hd,FALSE,Tuesday,6,5,737183,Low
Video,REACTING TO MY OLD MINECRAFT VIDEOS (HORRIBLE),17-06-2023,2023,34140,2806,545,hd,FALSE,Sunday,5,7,1257115,Low
Video,HOW TO MAKE A GOOD INTRO FOR YOUTUBE,18-06-2023,2023,5289,1331,184,hd,FALSE,Tuesday,9,8,156461,Low
Video,WORST BANNERS ON YOUTUBE #1,19-06-2023,2023,17178,3635,255,hd,FALSE,Monday,7,5,617599,Low
Video,50000 Subscribers.exe,20-06-2023,2023,13024,2326,210,hd,FALSE,Saturday,3,2,274494,Low
Video,Dude Perfect 4.0 - We Are Totally Better,21-06-2023,2023,12056,1823,222,hd,FALSE,Monday,5,8,382952,Low
Video,CUTTING TABLE IN HALF WITH PLASTIC KNIVES,22-06-2023,2023,163638,7044,237,hd,FALSE,Saturday,4,7,3604043,Low
Video,BEST INTROS ON YOUTUBE #1,23-06-2023,2023,742615,29813,339,hd,FALSE,Wednesday,8,5,25068302,Low
Video,Motivation For Youtubers #6 LAST ONE,24-06-2023,2023,4421,473,179,hd,FALSE,Tuesday,4,6,95625,Low
Video,How Many Licks Does It Take To Get To The Center Of A Tootsie Pop?,25-06-2023,2023,11093,2535,757,hd,FALSE,Thursday,3,15,339993,Low
Video,Motivation For Youtubers #5,26-06-2023,2023,6559,532,148,hd,FALSE,Sunday,5,4,120779,Low
Video,18th Birthday QNA - Moms Hair Dryer Age?,27-06-2023,2023,12263,773,249,hd,FALSE,Saturday,4,8,282758,Low
Video,WORST MEMES AND TRENDS ON YOUTUBE!,28-06-2023,2023,11901,1374,235,hd,FALSE,Sunday,7,6,600525,Low
Video,Cereal Commentary,29-06-2023,2023,3553,515,340,hd,FALSE,Thursday,1,2,86863,Low
Video,WHERE IS MY COOKIE?????,30-06-2023,2023,6498,665,162,hd,FALSE,Sunday,6,4,64927,Low
Video,How Much Money Do Big Youtubers Make? (Pewdiepie Markiplier etc),01-07-2023,2023,3523,401,228,hd,FALSE,Friday,10,10,73815,Low
Video,Struggles Of Being A Youtuber,02-07-2023,2023,3426,932,194,hd,FALSE,Tuesday,6,5,76997,Low
Video,Reenacting Youtubers,03-07-2023,2023,5684,526,221,hd,FALSE,Saturday,6,2,122140,Low
Video,Life Before And After Gamma (Insane) @GFuelEnergy,04-07-2023,2023,1234,276,179,hd,FALSE,Wednesday,6,7,27096,Low
Video,Worst Thumbnails On Youtube #2 - Cringe,05-07-2023,2023,9322,543,149,hd,FALSE,Sunday,7,7,248903,Low
Video,Motivation For Small Youtubers #4 - Inspiration For Youtubers,06-07-2023,2023,5433,590,190,hd,FALSE,Friday,6,9,93243,Low
Video,Scheduled Uploaded 6 Months Ago (REACTION),07-07-2023,2023,4051,447,325,hd,FALSE,Wednesday,0,6,99586,Low
Video,Dude Perfect 3.0 - We Are Better,08-07-2023,2023,19947,1958,193,hd,FALSE,Monday,4,7,622811,Low
Video,Dear Future Me (Scheduled Uploaded 6 Months Ago),09-07-2023,2023,119077,12223,145,hd,FALSE,Monday,3,8,1841874,Low
Video,$100 GIVEAWAY PRANK (NO WEAPONS INVOLVED),10-07-2023,2023,1198,216,291,hd,FALSE,Sunday,6,6,36378,Low
Video,GIVING AWAY $100 ITUNES GIFT CARDS,11-07-2023,2023,2629,411,130,hd,FALSE,Friday,2,6,70596,Low
Video,Walking Dead Daryl DIED (Fan Reaction To Death),12-07-2023,2023,2343,415,43,hd,FALSE,Monday,4,8,93788,Low
Video,Why Do Youtubers Ask For Likes?,13-07-2023,2023,10470,660,206,hd,FALSE,Sunday,10,6,139843,Low
Video,Making My Background More Epic,14-07-2023,2023,1523,257,208,hd,FALSE,Saturday,4,5,27972,Low
Video,Doing Youtube For Fun Or Views?,15-07-2023,2023,1622,212,225,hd,FALSE,Wednesday,4,6,29744,Low
Video,Pranks That Went Horribly Wrong,16-07-2023,2023,88138,3067,274,hd,FALSE,Saturday,5,5,1983357,Low
Video,Who Founded Faze? Who Created Faze Clan?,17-07-2023,2023,72092,4013,325,hd,FALSE,Friday,8,7,1973563,Low
Video,Subscriber Goals For 2017,18-07-2023,2023,2086,1229,234,hd,FALSE,Wednesday,5,4,49262,Low
Video,20000,19-07-2023,2023,4009,604,256,hd,FALSE,Tuesday,1,1,102543,Low
Video,The Dreaded Unanswerable Question,20-07-2023,2023,2483,280,270,hd,FALSE,Monday,7,4,66020,Low
Video,WORST THUMBNAILS ON YOUTUBE,21-07-2023,2023,22210,1143,175,hd,FALSE,Sunday,5,4,508826,Low
Video,Beast Goes Camping (Didnt Go Wrong) (Didnt Go Sexual),22-07-2023,2023,2940,303,285,hd,FALSE,Saturday,4,9,88477,Low
Video,NBA Interviews Gone Wrong (No Gun Pulled),23-07-2023,2023,1385,150,154,hd,FALSE,Saturday,6,7,35660,Low
Video,Movie Trailers Be Like,24-07-2023,2023,3397,250,102,hd,FALSE,Monday,4,4,65090,Low
Video,What Is Youtube Red? Should I Buy Youtube Red?,25-07-2023,2023,2878,315,279,hd,FALSE,Wednesday,7,9,67013,Low
Video,Things I Hate #2 - Youtube Edition,26-07-2023,2023,6463,1428,268,hd,FALSE,Tuesday,6,7,131860,Low
Video,Super Bowl Commercial 2016 Cost - How Much Does A Commercial Cost In 2016 Super Bowl?,27-07-2023,2023,1877,288,177,hd,FALSE,Sunday,7,16,57696,Low
Video,HOW TO MAKE A VIRAL PRANK VIDEO 100\% LEGIT,29-07-2023,2023,4561,413,146,hd,FALSE,Tuesday,7,9,94028,Low
Video,Is Obama Dead? Dumb Google Searches!,30-07-2023,2023,4224,283,324,hd,FALSE,Sunday,5,6,203063,Low
Video,How To Be MrBeast (Made By Really Old Subscriber),31-07-2023,2023,2373,282,321,hd,FALSE,Saturday,4,9,47779,Low
Video,Should You Play Video Games?,01-08-2023,2023,3453,171,179,hd,FALSE,Friday,3,5,58717,Low
Video,School Is A Waste Of Time,02-08-2023,2023,4757,744,174,hd,FALSE,Thursday,5,6,97416,Low
Video,Is Michael Bay My Dad????????,03-08-2023,2023,1836,238,106,hd,FALSE,Monday,4,5,51403,Low
Video,Lottery Taxes - How Much Tax Is If You Win The Lottery,04-08-2023,2023,2893,258,220,hd,FALSE,Saturday,3,12,103529,Low
Video,Motivation For Small Youtubers #3,05-08-2023,2023,7345,1245,211,hd,FALSE,Tuesday,3,5,126555,Low
Video,Giving Away Two $15 Gift Cards (forgive me boyz),06-08-2023,2023,2090,350,191,hd,FALSE,Sunday,4,9,30436,Low
Video,Do Dislikes Matter On Youtube - Are Dislikes Bad Or Good?,07-08-2023,2023,22498,2197,264,hd,FALSE,Thursday,7,11,340174,Low
Video,How To Get Active Subscribers On Youtube? Tips 2016,08-08-2023,2023,2901,656,345,hd,FALSE,Tuesday,7,9,52348,Low
Video,Reaction Channels Are Stupid??????? #JCTG,09-08-2023,2023,1468,379,194,hd,FALSE,Tuesday,5,5,41764,Low
Video,Goodbye Laptop,10-08-2023,2023,5585,590,136,hd,FALSE,Friday,4,2,118891,Low
Video,2015 Year Highlights,11-08-2023,2023,1546,449,241,hd,FALSE,Wednesday,5,3,33369,Low
Video,MrBeast Rest In Pepperoni 6000,12-08-2023,2023,4914,444,184,hd,FALSE,Sunday,5,5,187843,Low
Video,How To Think Of Good Video Ideas (Tips),13-08-2023,2023,5427,453,371,hd,FALSE,Saturday,10,8,74701,Low
Video,15000 Subscribers Speedart!,14-08-2023,2023,2535,434,89,hd,FALSE,Friday,6,3,57280,Low
Video,Whats That Song Name?,15-08-2023,2023,6876,1475,112,hd,FALSE,Thursday,4,4,168151,Low
Video,The Anti-Beast (R.I.P. Beast),16-08-2023,2023,13978,1013,159,hd,FALSE,Wednesday,7,4,375587,Low
Video,Reacting To Family Accounts (MamaBeast MrBeastsLaptop Etc),17-08-2023,2023,19687,2050,595,hd,FALSE,Tuesday,4,7,901273,Low
Video,Do Youtubers Pay Taxes????? (USA),18-08-2023,2023,3367,415,389,hd,FALSE,Saturday,9,5,75949,Low
Video,Why Does This Video Have No Thumbnail?,19-08-2023,2023,2951,447,181,hd,FALSE,Tuesday,12,7,55574,Low
Video,How To Make Illuminati Confirmed Videos Like Peladophobian,20-08-2023,2023,3701,378,254,hd,FALSE,Saturday,9,8,156478,Low
Video,Totally 100\% Real Epic Ping Pong Trickshots,21-08-2023,2023,3118,280,81,hd,FALSE,Friday,8,7,49321,Low
Video,Exams Be Like,22-08-2023,2023,7767,593,262,hd,FALSE,Thursday,7,3,190421,Low
Video,How Many People Have A Silver Play Button????,23-08-2023,2023,6065,539,213,hd,FALSE,Tuesday,9,8,155985,Low
Video,How To Get More Views And Subscribers On Youtube (2016),24-08-2023,2023,2535,287,207,hd,FALSE,Thursday,24,10,46590,Low
Video,Should You Do COD Commentaries In 2016????,25-08-2023,2023,1016,256,227,hd,FALSE,Wednesday,8,7,31700,Low
Video,THINGS I HATE #1,26-08-2023,2023,12335,1592,225,hd,FALSE,Wednesday,8,4,321978,Low
Video,Worst MrBeast6000 Intros?? (Fan Made!),27-08-2023,2023,11899,1771,153,hd,FALSE,Monday,13,5,432704,Low
Video,Dear Razer Can I Have My 70$ Back?????,28-08-2023,2023,352445,26685,179,hd,FALSE,Sunday,10,8,7497151,Low
Video,How Many People Get The Golden Play Button? (1000000 Subscribers),29-08-2023,2023,2529,443,176,hd,FALSE,Saturday,15,10,82769,Low
Video,Spam404 Has Terminated 5000000 Videos (Including Pewdiepie),30-08-2023,2023,2278,282,143,hd,FALSE,Thursday,10,7,87829,Low
Video,MrBeast6000s First Video (So Bad lol),31-08-2023,2023,479666,35317,187,hd,FALSE,Thursday,4,6,12110386,Low
Video,The Evolution Of My Youtube Banners,01-09-2023,2023,1654,375,59,hd,FALSE,Wednesday,4,6,44853,Low
Video,Shark Tank Most Successful Products Entrepreneurs Or Businesses 2015,02-09-2023,2023,974,178,294,hd,FALSE,Sunday,8,9,128467,Low
Video,Direct T.V. Commercial Parody!  (Free gameplay trailer),03-09-2023,2023,7475,306,45,hd,FALSE,Sunday,4,7,196649,Low
Video,PSYCHO FRIEND SMASHES MY LAPTOP! (Mc Juggernuggets Parody),04-09-2023,2023,8499,818,92,hd,FALSE,Friday,4,8,184680,Low
Video,FREE TO USE BO3 GAMEPLAY - 1080p,05-09-2023,2023,1441,123,165,hd,FALSE,Tuesday,12,7,36527,Low
Video,Double Agent (Short Film),06-09-2023,2023,3962,400,468,hd,FALSE,Sunday,3,4,86176,Low
Video,YOU ONLY DO YOUTUBE FOR VIEWS,07-09-2023,2023,2496,231,334,hd,FALSE,Thursday,11,6,41469,Low
Video,10000 QNA With MUM,08-09-2023,2023,10383,1600,236,hd,FALSE,Thursday,9,4,212835,Low
Video,Why I Stopped Playing Video Games - Video Game Commentary,09-09-2023,2023,1227,182,284,hd,FALSE,Sunday,11,10,39707,Low
Video,Beasts Room Tour,10-09-2023,2023,8457,470,222,hd,FALSE,Saturday,3,3,205623,Low
Video,YOUTUBE RED STEALS CONTENT CREATORS MONEY? What Is Youtube Red?,11-09-2023,2023,1715,180,326,hd,FALSE,Wednesday,14,10,27984,Low
Video,Millions Of Views!,12-09-2023,2023,13287,1274,227,hd,FALSE,Sunday,6,3,340197,Low
Video,How To Get 1000 Subscribers On Youtube - Vlogs Gaming,13-09-2023,2023,3221,498,214,hd,FALSE,Thursday,16,10,57754,Low
Video,High School Education Be Like (Paying Taxes),14-09-2023,2023,1225,187,166,hd,FALSE,Wednesday,6,7,27816,Low
Video,I Got Bored Of Studying So This Happened,15-09-2023,2023,10994,700,129,hd,FALSE,Tuesday,3,8,299679,Low
Video,Best Microphone For Youtube (Gaming Commentaries Vocals Singing Podcast),16-09-2023,2023,1201,200,217,hd,FALSE,Sunday,13,9,29201,Low
Video,9k Subs - Channel Talk,17-09-2023,2023,2494,646,275,hd,FALSE,Saturday,3,5,60410,Low
Video,How Much Money Does Bill Gates Make / Have - Billionaire,18-09-2023,2023,2571,317,244,hd,FALSE,Friday,17,11,69323,Low
Video,MrBeast6000s Channel Trailer,19-09-2023,2023,124248,13588,115,hd,FALSE,Thursday,3,3,1513680,Low
Video,Best Non-Copyrighted Songs For Videos! (Intros Vlogs Gaming Trailers) 2016,20-09-2023,2023,1941,248,179,hd,FALSE,Monday,15,10,57719,Low
Video,Is Being A Youtuber Hard? Is Being A Youtuber Worth It?,21-09-2023,2023,2903,559,321,hd,FALSE,Sunday,13,11,59296,Low
Video,Best Green Screen Lighting Ever? (Joking Obviously),22-09-2023,2023,5899,436,207,hd,FALSE,Saturday,12,7,193302,Low
Video,How Do Youtubers Make Money? How Do Youtubers Get Paid?,23-09-2023,2023,2398,427,366,hd,FALSE,Tuesday,12,10,59609,Low
Video,Increase Youtube Views 2015! COMMUNITY CHANNELS - Boosting Youtube Views,24-09-2023,2023,948,186,232,hd,FALSE,Sunday,11,10,25291,Low
Video,Originality - A Youtube Poem By MrBeast6000,25-09-2023,2023,1314,224,108,hd,FALSE,Saturday,7,7,27862,Low
Video,Stupid Things People Search On Google,26-09-2023,2023,72889,4336,369,hd,FALSE,Friday,7,6,1342981,Low
Video,Ad Blocker For Chrome and Mobile Should You Use It?,27-09-2023,2023,2636,465,315,hd,FALSE,Wednesday,14,10,65002,Low
Video,PC Master Race Vs Console Peasants,28-09-2023,2023,1962,256,119,hd,FALSE,Monday,12,6,35255,Low
Video,Shia Labeouf Motivates Youtubers!,29-09-2023,2023,5126,331,88,hd,FALSE,Saturday,6,4,141749,Low
Video,Knives In Video Games Cost More Than Real Life????,30-09-2023,2023,1434,219,223,hd,FALSE,Friday,13,9,36520,Low
Video,Why I Sold My PS4 Not A Gaming Channel???,01-10-2023,2023,1548,256,246,hd,FALSE,Friday,9,9,33904,Low
Video,Selling PS4 For $250 + Elgato For $100!,02-10-2023,2023,1000,234,158,hd,FALSE,Wednesday,9,8,28705,Low
Video,Do Tags Do Anything On Youtube?????,03-10-2023,2023,3441,485,217,hd,FALSE,Sunday,11,6,70509,Low
Video,Bronze And Platinum Play Buttons?????,04-10-2023,2023,18599,2179,263,hd,FALSE,Sunday,16,5,574794,Low
Video,7k SUBS! Smashing Ghost + AW! Plus Channel Talk!,05-10-2023,2023,2311,335,298,hd,FALSE,Wednesday,15,9,44591,Low
Video,Exility vs Dr.Pineapplez - Misleading Contest!,06-10-2023,2023,4111,792,259,hd,FALSE,Tuesday,14,6,36615,Low
Video,6 Uses For Your Advanced Warfare Disk!,07-10-2023,2023,1034,142,65,hd,FALSE,Monday,11,7,23603,Low
Video,MrBeast’s Outro Song,08-10-2023,2023,360895,19433,131,hd,FALSE,Saturday,5,3,7805473,Low
Video,Watching Video Games Is A Waste Of Time????,09-10-2023,2023,777,194,250,hd,FALSE,Saturday,13,8,21451,Low
Video,Pewdiepies Shoutout What Would You Do If You Won?,10-10-2023,2023,1682,273,278,hd,FALSE,Saturday,17,9,30732,Low
Video,How I Will Survive The Zombie Apocalypse!,11-10-2023,2023,5914,737,361,hd,FALSE,Monday,10,7,184715,Low
Video,How Much Money Do Youtubers Make? Real Numbers!,12-10-2023,2023,5301,392,194,hd,FALSE,Sunday,14,8,160244,Low
Video,HONEST Shout Out Sunday! Free Subscribers!,13-10-2023,2023,746,286,210,hd,FALSE,Sunday,9,6,20913,Low
Video,Social Media As A Job????,14-10-2023,2023,881,264,189,hd,FALSE,Saturday,10,5,21237,Low
Video,Airplane Pilots Last Words Before Death,15-10-2023,2023,1836,168,149,hd,FALSE,Friday,10,6,84837,Low
Video,How Much Do T.V. Commercials Cost?????,16-10-2023,2023,801,124,209,hd,FALSE,Friday,13,6,24076,Low
Video,How To Tweet When Youre Dead! DEADSOCIAL Facebook And Instagram Also!,17-10-2023,2023,884,152,269,hd,FALSE,Thursday,13,11,21213,Low
Video,My Favorite FaZe Clan Members?????,18-10-2023,2023,1468,210,234,hd,FALSE,Wednesday,8,5,30763,Low
Video,MrBeast6000Subs,19-10-2023,2023,19932,2635,332,hd,FALSE,Sunday,3,1,300220,Low
Video,Youtube Networking - Aka Fake Likes Subs And Comments,20-10-2023,2023,1220,190,268,hd,FALSE,Friday,10,9,21294,Low
Video,I Hate Youtubers That Ask For Likes,21-10-2023,2023,7977,681,256,hd,FALSE,Thursday,13,7,126077,Low
Video,My Mom Found My Channel!! :0,22-10-2023,2023,22951,2278,272,hd,FALSE,Thursday,11,6,616241,Low
Video,1080p FREE TO USE BLACK OPS 3 GAMEPLAY,23-10-2023,2023,1299,161,143,hd,FALSE,Wednesday,11,8,49711,Low
Video,Black Ops 3 First Impressions My First Game,24-10-2023,2023,778,208,221,hd,FALSE,Wednesday,8,8,23903,Low
Video,Dogs Opinions On Youtubers Getting BO3 Early,25-10-2023,2023,1834,151,76,hd,FALSE,Tuesday,7,7,46292,Low
Video,BO3,26-10-2023,2023,15558,747,221,hd,FALSE,Tuesday,13,1,469724,Low
Video,Xbox One Destroyer? COD Advertisement Is Free,27-10-2023,2023,833,171,248,hd,FALSE,Tuesday,16,7,23400,Low
Video,What Is Yanet Actually Thinking?????,28-10-2023,2023,2117,188,189,hd,FALSE,Monday,11,5,95092,Low
Video,Modern Art Is A Joke,29-10-2023,2023,1579,140,176,hd,FALSE,Saturday,7,5,38484,Low
Video,5 Steps To Becoming Successful On Youtube!,30-10-2023,2023,2169,298,193,hd,FALSE,Friday,10,7,44309,Low
Video,Time,31-10-2023,2023,1345,237,141,hd,FALSE,Thursday,4,1,43288,Low
Video,Beast $500ish Youtube PC Great For Making Videos!,01-11-2023,2023,1050,170,244,hd,FALSE,Wednesday,7,8,43887,Low
Video,5000 Hype,02-11-2023,2023,2276,495,185,hd,FALSE,Tuesday,3,2,83840,Low
Video,What Is Crohns Disease?????,03-11-2023,2023,4326,521,261,hd,FALSE,Monday,7,4,142491,Low
Video,Leaving For 7 Days,04-11-2023,2023,928,175,431,hd,FALSE,Sunday,3,4,30089,Low
Video,Motivation For Youtube - Ultimate Small Youtuber Motivation #2,05-11-2023,2023,4337,552,209,hd,FALSE,Saturday,9,9,93798,Low
Video,Should I Buy An Elgato Game Capture??,06-11-2023,2023,641,222,177,hd,FALSE,Friday,7,7,20973,Low
Video,Fanboy Opinions On Black Ops 3,07-11-2023,2023,585,161,236,hd,FALSE,Thursday,11,6,21255,Low
Video,Big Channels Starting Over???,08-11-2023,2023,662,115,199,hd,FALSE,Wednesday,8,4,23987,Low
Video,SAT And Some Random Stuff,09-11-2023,2023,642,251,206,hd,FALSE,Tuesday,10,5,21771,Low
Video,How Many Youtubers Are Millionaires???,10-11-2023,2023,1112,211,169,hd,FALSE,Tuesday,8,5,51750,Low
Video,Always Changing My Name? Mr.Beast or MrBeast6000,11-11-2023,2023,3351,496,161,hd,FALSE,Monday,3,7,121148,Low
Video,How Much Youtube Money Do I Make???,12-11-2023,2023,8155,542,148,hd,FALSE,Monday,11,7,322900,Low
Video,Am I Ian From Smosh????,13-11-2023,2023,7405,466,138,hd,FALSE,Sunday,3,5,428940,Low
Video,How Do You Turn Off A PS4? Xbox Noob In Need Of Help,14-11-2023,2023,1459,285,72,hd,FALSE,Saturday,13,13,59873,Low
Video,New Optic Gaming Gear Coming To Advanced Warfare My Thoughts,15-11-2023,2023,638,217,151,hd,FALSE,Saturday,14,10,21293,Low
Video,Youtube Collabs? Collabbing with Mr.Beast?,16-11-2023,2023,1445,189,213,hd,FALSE,Saturday,7,5,55965,Low
Video,Sacrifices And Youtube,17-11-2023,2023,1085,274,219,hd,FALSE,Friday,6,3,21375,Low
Video,5$ To Advertise Your Youtube Channel???,18-11-2023,2023,2199,251,121,hd,FALSE,Friday,12,6,97031,Low
Video,Reuploading Other Youtubers Videos? Stealing Big Youtubers Videos.,19-11-2023,2023,733,141,254,hd,FALSE,Thursday,8,8,29798,Low
Video,4k Subscribers! First Channel Story!,20-11-2023,2023,2186,375,314,hd,FALSE,Thursday,11,5,59878,Low
Video,People Who Got Rich From Movie Trailers On Youtube,21-11-2023,2023,1175,235,206,hd,FALSE,Wednesday,14,9,62826,Low
Video,Beast Gaming Set Up #almost4k,22-11-2023,2023,1778,337,151,hd,FALSE,Wednesday,11,5,51996,Low
Video,Advanced Warfare DLC 4 Honest Parody,23-11-2023,2023,700,189,157,hd,FALSE,Wednesday,10,6,20885,Low
Video,Worlds Worst Thieves,24-11-2023,2023,1525,172,209,hd,FALSE,Tuesday,7,3,53714,Low
Video,VANOSSGAMING IS IN TROUBLE,25-11-2023,2023,3360,557,173,hd,FALSE,Monday,7,4,203668,Low
Video,SpiderMan Robs Walmart?????,26-11-2023,2023,675,132,187,hd,FALSE,Sunday,10,3,22156,Low
Video,My Upload For ThunderstruckGaming,27-11-2023,2023,604,102,220,hd,FALSE,Saturday,1,4,22386,Low
Video,Best FNAF 4 Fake Reactions! So Funny lol,28-11-2023,2023,2022,343,147,hd,FALSE,Saturday,1,8,59956,Low
Video,How Many People Get The Diamond Play Button?????,29-11-2023,2023,17225,2786,236,hd,FALSE,Saturday,19,8,1727022,Low
Video,Supply Drops For Charity! Ep #2,30-11-2023,2023,942,492,302,hd,FALSE,Friday,8,6,20983,Low
Video,Best Thing To Happen To This Channel?????,01-12-2023,2023,702,125,88,hd,FALSE,Thursday,7,7,20918,Low
Video,Supply Drop Challenge For Charity,02-12-2023,2023,1040,312,295,hd,FALSE,Wednesday,6,5,21134,Low
Video,FaZe Clan Vs Pewdiepie Who Would Win?????,03-12-2023,2023,840,153,171,hd,FALSE,Tuesday,7,7,33705,Low
Video,FaZe Adapt Stuttertage,04-12-2023,2023,2647,363,284,hd,FALSE,Monday,9,3,74389,Low
Video,The COD Community? Sleeping With Your Mom?,05-12-2023,2023,798,260,183,hd,FALSE,Sunday,8,7,21111,Low
Video,Exility And Some Other Stuff - Update Vid,06-12-2023,2023,10581,3304,285,hd,FALSE,Saturday,10,8,38977,Low
Video,Every Minecraft Lets Play Ever In Under A Minute,07-12-2023,2023,2513,258,60,hd,FALSE,Thursday,6,9,70566,Low
Video,Why I deleted Todays First Upload,08-12-2023,2023,1072,183,115,hd,FALSE,Thursday,1,6,36868,Low
Video,What Is Spam404?????,09-12-2023,2023,743,204,311,hd,FALSE,Wednesday,8,3,30354,Low
Video,The History Of Pewdiepie In 2 Minutes,10-12-2023,2023,5402,511,126,hd,FALSE,Tuesday,9,7,152661,Low
Video,TWITCH STREAMERS REACT TO RECEIVING THOUSANDS FROM SAME GUY!,11-12-2023,2023,1751,265,452,hd,FALSE,Monday,1,9,186948,Low
Video,I Hate Spam On Youtube,12-12-2023,2023,779,290,189,hd,FALSE,Sunday,1,5,20910,Low
Video,INSANE TRIPLE LEGENDARY SUPPLY DROP! BEST OPENING YET?,13-12-2023,2023,698718,280,209,hd,FALSE,Saturday,16,8,35536,Low
Video,Low Bridge Causes Dozens Of Wrecks! 11-8 Bridge,14-12-2023,2023,986,322,223,hd,FALSE,Friday,1,8,21563,Low
Video,3k HYPE,15-12-2023,2023,2905,535,203,hd,FALSE,Friday,1,2,80777,Low
Video,How To Become A Gaming Youtuber! All You Need To Know!,16-12-2023,2023,826,155,422,hd,FALSE,Wednesday,11,11,21159,Low
Video,My Solution For The Theft At The FaZe House - @FaZe_Rain @FaZeAdapt,17-12-2023,2023,549,108,187,hd,FALSE,Wednesday,8,12,23122,Low
Video,5 Popular Channels That Were Terminated,18-12-2023,2023,4295,1088,300,hd,FALSE,Tuesday,6,6,121793,Low
Video,What Is Youtube Terms Of Service?????,19-12-2023,2023,783,184,249,hd,FALSE,Tuesday,13,6,30515,Low
Video,Do You Think You Will Be Famous?????,20-12-2023,2023,2196,547,224,hd,FALSE,Monday,7,7,76773,Low
Video,What Is Swatting? Why I hate It!,21-12-2023,2023,1956,217,259,hd,FALSE,Sunday,8,7,63817,Low
Video,Reddit Is In Chaos After Firing Victoria,22-12-2023,2023,583,132,106,hd,FALSE,Friday,1,7,26472,Low
Video,Paid Promotion On Youtube Good?,23-12-2023,2023,682,130,439,hd,FALSE,Friday,7,5,30859,Low
Video,How To Gain Youtube Success,24-12-2023,2023,1932,236,162,hd,FALSE,Thursday,6,5,46862,Low
Video,FaZe Members Reactions To Joining Faze,25-12-2023,2023,12873,685,191,hd,FALSE,Wednesday,8,6,539725,Low
Video,Battle of The Beasts Round 2 Winners!,26-12-2023,2023,554,176,847,hd,FALSE,Wednesday,1,7,21065,Low
Video,Youtube In 10 Years?????,27-12-2023,2023,2926,1075,188,hd,FALSE,Tuesday,12,4,97881,Low
Video,The Ultimate Motivation For Small Youtubers,28-12-2023,2023,10644,1783,164,hd,FALSE,Monday,6,6,198174,Low
Video,How Much Does Pewdiepie Make?,29-12-2023,2023,1799,175,233,hd,FALSE,Sunday,9,5,95890,Low
Video,Random Stuff You Dont Care About,30-12-2023,2023,872,213,142,hd,FALSE,Saturday,8,6,21566,Low
Video,Battle Of The Beast Round 1 Winners!,31-12-2023,2023,549,123,553,hd,FALSE,Tuesday,11,7,21247,Low
Video,The Truth About Big Community Channels,01-01-2024,2024,814,416,273,hd,FALSE,Monday,17,6,21106,Low
Video,WORLDS FIRST BLACK OPS 3 GUN SYNC!!,02-01-2024,2024,1035,137,81,hd,FALSE,Monday,20,7,35444,Low
Video,Insane Gun Sync - 7 Hours To Make,03-01-2024,2024,902,174,134,hd,FALSE,Sunday,17,8,20987,Low
Video,Battle of The Beasts Bracket!!!! (Not accepting anymore),04-01-2024,2024,534,137,98,hd,FALSE,Saturday,11,8,21266,Low
Video,Free To Use Advanced Warfare Gameplay! 2015,05-01-2024,2024,583,128,125,hd,FALSE,Friday,16,7,21417,Low
Video,Battle Of The Beast Tournament UPDATE!,06-01-2024,2024,739,299,152,hd,FALSE,Thursday,11,6,20938,Low
Video,My Top 5 Favorite Things At E3 2015,07-01-2024,2024,709,255,150,hd,FALSE,Thursday,9,8,21176,Low
Video,Battle Of The Beasts (youtubers needed),08-01-2024,2024,620,175,183,hd,FALSE,Wednesday,12,6,22706,Low
Video,History Of COD Part 2! Black Ops 1 - History Of COD On Youtube!,09-01-2024,2024,627,131,946,hd,FALSE,Saturday,21,14,21363,Low
Video,How Did Notch Become A Billionaire? How Much Did Minecraft Sell For?????,10-01-2024,2024,1625,185,216,hd,FALSE,Friday,18,12,49410,Low
Video,Top 10 Richest Gaming Youtubers?????,11-01-2024,2024,3679,326,245,hd,FALSE,Thursday,17,5,92808,Low
Video,Markiplier Is A Great Man! Sub shodleech!,12-01-2024,2024,1441,137,123,hd,FALSE,Tuesday,13,7,93509,Low
Video,Insane Advanced Warfare Hacker!,13-01-2024,2024,653,123,134,hd,FALSE,Sunday,15,4,21025,Low
Video,What Is Considered A Bad Video On Youtube????? #karnageRC,14-01-2024,2024,811,115,252,hd,FALSE,Sunday,11,9,31934,Low
Video,I Think I Am Going For The #KarnageRC,15-01-2024,2024,660,258,232,hd,FALSE,Friday,11,8,21119,Low
Video,Every FaZe Video Ever #karnageRC,16-01-2024,2024,884,101,197,hd,FALSE,Thursday,11,5,25919,Low
Video,How Much Money Do You Make As An Uber Driver??????,17-01-2024,2024,480,80,304,hd,FALSE,Sunday,18,10,23869,Low
Video,How Much Does Faze Rains Giveaway Cost??????,18-01-2024,2024,519,89,73,hd,FALSE,Saturday,15,7,20920,Low
Video,MY MESSAGE TO COD YOUTUBERS (Watch till end plz),19-01-2024,2024,642,137,292,hd,FALSE,Friday,16,9,24112,Low
Video,Best Of FlipArtz - His Best Advanced Supply Drops EVER!,20-01-2024,2024,716,104,640,hd,FALSE,Friday,20,10,40142,Low
Video,Summer Is Finally Here!,21-01-2024,2024,569,139,146,hd,FALSE,Thursday,11,4,24215,Low
Video,Why Are Things Unbalanced In Video Games?????,22-01-2024,2024,694,119,210,hd,FALSE,Thursday,11,7,35865,Low
Video,New Channel?,23-01-2024,2024,3284,429,296,hd,FALSE,Saturday,11,2,93521,Low
Video,Youtube Freinds,24-01-2024,2024,974,137,279,hd,FALSE,Saturday,11,2,45674,Low
Video,Youtube Stat News - Vevo Gets 10 Bil. Views A Month Channel Milestones and more!,25-01-2024,2024,1048,492,328,hd,FALSE,Thursday,11,15,21227,Low
Video,Big Changes??? Idk just watch the stupid video,26-01-2024,2024,674,177,394,hd,FALSE,Monday,11,8,21262,Low
Video,How Much Money Does DramaAlert Make????,27-01-2024,2024,784,125,92,hd,FALSE,Friday,17,6,21107,Low
Video,L0114R - Biblical Creeper Post for Post @L0114R,28-01-2024,2024,518,152,109,hd,FALSE,Friday,11,8,21249,Low
Video,Why Do We Do Things That Are Bad For Us?????,29-01-2024,2024,843,114,204,hd,FALSE,Thursday,26,10,21717,Low
Video,How To Monetize Your Videos And Make Lots Of Youtube Money!!$$$,30-01-2024,2024,723,149,623,hd,FALSE,Sunday,18,11,22082,Low
Video,DIY $23.00 Mini Sound Booth? Does It Work?,31-01-2024,2024,1708,149,229,hd,FALSE,Saturday,15,8,76918,Low
Video,Cut Coms vs Uncut Coms,01-02-2024,2024,550,135,159,hd,FALSE,Saturday,11,5,20889,Low
Video,Minimum Wage,02-02-2024,2024,938,139,119,hd,FALSE,Thursday,11,2,34696,Low
Video,My New Channel Trailer ;),03-02-2024,2024,1075,116,77,hd,FALSE,Thursday,11,5,34105,Low
Video,Why I Changed My Channel Name,04-02-2024,2024,2443,280,196,hd,FALSE,Sunday,11,6,81719,Low
Video,How Overpriced Is Movie Popcorn?????,05-02-2024,2024,649,130,160,hd,FALSE,Sunday,14,5,22648,Low
Video,Screw Warface,06-02-2024,2024,729,182,217,hd,FALSE,Saturday,11,2,23441,Low
Video,My Problems,07-02-2024,2024,1403,246,247,hd,FALSE,Friday,11,2,37649,Low
Video,Ma Channel,08-02-2024,2024,853,166,168,hd,FALSE,Wednesday,11,2,23495,Low
Video,Remember When COD Was Fun?,09-02-2024,2024,709,178,216,hd,FALSE,Sunday,11,5,20889,Low
Video,My Baby Got a Virus :(,10-02-2024,2024,1055,200,175,hd,FALSE,Saturday,11,6,42178,Low
Video,Modern Art Is A Joke,11-02-2024,2024,768,145,169,hd,FALSE,Saturday,11,5,26061,Low
Video,Cheat Channels,12-02-2024,2024,707,189,214,hd,FALSE,Friday,11,2,23986,Low
Video,Time,13-02-2024,2024,1101,126,133,hd,FALSE,Wednesday,17,1,41285,Low
Video,2000 Subscribers,14-02-2024,2024,8146,2109,145,hd,FALSE,Saturday,14,2,168869,Low
Video,Youtube,15-02-2024,2024,1355,193,286,hd,FALSE,Tuesday,11,1,45199,Low
Video,How To SAT Get Into Yale,16-02-2024,2024,592,120,245,hd,FALSE,Monday,11,6,26717,Low
Video,100k Subs With No Videos????,17-02-2024,2024,8098,2860,257,hd,FALSE,Saturday,11,5,399916,Low
Video,Is Jacksepticeye A Millionaire?????? 2016,18-02-2024,2024,2388,603,190,hd,FALSE,Thursday,15,5,109195,Low
Video,How Rich Is Buzz Feed???,19-02-2024,2024,634,164,205,hd,FALSE,Tuesday,11,5,30936,Low
Video,How To Do A High School or College Paper!,20-02-2024,2024,1037,156,236,hd,FALSE,Monday,11,9,44518,Low
Video,What is Crohns Disease?????,21-02-2024,2024,16189,1207,423,hd,FALSE,Saturday,11,4,394498,Low
Video,What Happens If You Get A Copy Right Strike??,22-02-2024,2024,3870,537,232,hd,FALSE,Friday,11,9,142013,Low
Video,5 Steps To Becoming Successful On Youtube,23-02-2024,2024,4165,486,193,hd,FALSE,Thursday,11,7,76112,Low
Video,Making Youtube a Priority,24-02-2024,2024,1011,175,196,hd,FALSE,Wednesday,11,4,31763,Low
Video,Why I Was Not Uploading,25-02-2024,2024,763,143,95,hd,FALSE,Saturday,11,5,29434,Low
Video,Youtubers Analytics Explained,26-02-2024,2024,809,128,217,hd,FALSE,Friday,11,3,28967,Low
Video,How Much $$$ Does Every Member of FaZe Make COMBINED????? 2016,27-02-2024,2024,1313,320,237,hd,FALSE,Thursday,14,11,85888,Low
Video,Is Pewdiepie The #2 Youtuber?!?!?  :0,28-02-2024,2024,1145,267,235,hd,FALSE,Wednesday,11,6,44499,Low
Video,How Much Money Does Smosh Make????? 2016,29-02-2024,2024,803,207,167,hd,FALSE,Tuesday,11,7,38675,Low
Video,Who Are The Worst Youtubers?????,01-03-2024,2024,2674,334,216,hd,FALSE,Sunday,11,5,127578,Low
Video,Subscriber Goals For 2016,02-03-2024,2024,853,453,248,hd,FALSE,Saturday,17,4,29225,Low
Video,How Many People Do Youtube as a JOB?????,03-03-2024,2024,643,133,174,hd,FALSE,Thursday,11,8,23170,Low
Video,How Much Money Does Syndicate Project Make????? 2016,04-03-2024,2024,586,123,204,hd,FALSE,Tuesday,11,8,36762,Low
Video,Are Youtubers Millionaires?,05-03-2024,2024,1904,313,195,hd,FALSE,Sunday,11,3,83829,Low
Video,Magecraft - Epic Hit! 11k Troops killed.,06-03-2024,2024,547,213,233,hd,FALSE,Saturday,11,7,21353,Low
Video,Highest Paid Musicians????,07-03-2024,2024,1077,199,288,hd,FALSE,Tuesday,11,3,48648,Low
Video,Making Fun Of Youtubers Intros.,08-03-2024,2024,6026,564,114,hd,FALSE,Monday,11,5,256955,Low
Video,10 Things You DIDNT Know About Youtube!,09-03-2024,2024,902,126,181,hd,FALSE,Sunday,11,7,31776,Low
Video,Quitting?,10-03-2024,2024,3307,558,226,hd,FALSE,Friday,11,1,79489,Low
Video,How Much Money Does Markiplier Make????? 2016,11-03-2024,2024,1347,181,154,hd,FALSE,Sunday,11,7,60806,Low
Video,PewDiePie Uploads A Fake Video! LOL,12-03-2024,2024,969,168,155,hd,FALSE,Thursday,11,6,39735,Low
Video,Pewdiepie Was On T.V.,13-03-2024,2024,2723,355,149,hd,FALSE,Sunday,11,4,86192,Low
Video,Five Facts You Didnt Know About Youtube.,14-03-2024,2024,1269,226,261,hd,FALSE,Monday,18,7,43027,Low
Video,Milestones And Plans For My Channel,15-03-2024,2024,1068,217,180,hd,FALSE,Sunday,11,6,36200,Low
Video,How Much Money Did Gangnam Style Earn??? 2016,16-03-2024,2024,1234,196,144,hd,FALSE,Wednesday,11,8,52163,Low
Video,Best League Player In The Universe.,17-03-2024,2024,16622,1046,215,hd,FALSE,Sunday,11,6,288513,Low
Video,MageCraft - Beginners tutorial. (The app),18-03-2024,2024,643,171,527,hd,FALSE,Monday,14,6,25342,Low
Video,How much money does VanossGaming Make? 2016,19-03-2024,2024,2857,225,200,hd,FALSE,Sunday,11,7,157755,Low
Video,Opening Old Basketball Cards! Ep. #1 (Michael Jordan Found),20-03-2024,2024,2178,237,267,hd,FALSE,Tuesday,11,9,80599,Low
Video,20 Best Websites?????,21-03-2024,2024,1754,307,404,hd,FALSE,Friday,11,3,72787,Low
Video,How Much Money Does Chris Smooth Make?????,22-03-2024,2024,700,154,242,hd,FALSE,Thursday,11,7,33560,Low
Video,Money Problems,23-03-2024,2024,3148,328,242,hd,FALSE,Wednesday,11,2,130223,Low
Video,Vanoss vs Speedy! Who is better? Updated.,24-03-2024,2024,840,244,225,hd,FALSE,Wednesday,11,7,27881,Low
Video,Welcome To My Channel!,25-03-2024,2024,1179,155,28,hd,FALSE,Monday,11,4,44828,Low
Video,1500,26-03-2024,2024,5482,1298,143,hd,FALSE,Friday,11,1,153243,Low
Video,How Much Money Does Yogscast Make????? 2016,27-03-2024,2024,492,132,226,hd,FALSE,Sunday,11,7,27840,Low
Video,How Much Does WhiteBoy7thSt Make????? 2016,28-03-2024,2024,1564,166,207,hd,FALSE,Friday,11,6,121023,Low
Video,How Much Does Epic Rap Battles Make?????,29-03-2024,2024,615,126,200,hd,FALSE,Thursday,25,7,24081,Low
Video,How Much Money Does FaZe Make?????,30-03-2024,2024,593,152,198,hd,FALSE,Wednesday,25,6,21405,Low
Video,Top Youtube ShoutOuts,31-03-2024,2024,817,168,365,hd,FALSE,Wednesday,27,3,21822,Low
Video,Youtube Dream,01-04-2024,2024,1497,472,271,hd,FALSE,Tuesday,25,2,43074,Low
Video,In Dis Video I Play Minecraft. (Factions),02-04-2024,2024,993,172,529,hd,FALSE,Saturday,28,7,30381,Low
Video,Youtube Grind,03-04-2024,2024,1649,172,200,sd,FALSE,Saturday,4,2,53061,Low
Video,Hacker in Ghost???? I Couldnt Kill Him.,04-04-2024,2024,678,245,36,hd,FALSE,Sunday,25,7,21446,Low
Video,How Much Money Does Tmartn Make?????,05-04-2024,2024,549,146,157,hd,FALSE,Saturday,27,6,21236,Low
Video,How Much Money Does FaZe Rain Make?????,06-04-2024,2024,809,130,215,hd,FALSE,Wednesday,25,7,40205,Low
Video,G2g Brb,07-04-2024,2024,757,289,180,hd,FALSE,Monday,25,2,20901,Low
Video,Crazy Nub Tub Reactions! Bo2 Fun!,08-04-2024,2024,724,231,220,hd,FALSE,Friday,28,6,20931,Low
Video,Fun In COD. - Insane Reactions Lol,09-04-2024,2024,694,252,229,hd,FALSE,Tuesday,25,7,20911,Low
Video,Minecraft Build-off Fun!!!!!,10-04-2024,2024,1063,176,213,hd,FALSE,Monday,25,3,33022,Low
Video,This Kid Should Quit COD....,11-04-2024,2024,977,171,77,hd,FALSE,Monday,25,5,43983,Low
Video,Computer vs Console My Perspective.,12-04-2024,2024,1403,261,205,hd,FALSE,Monday,25,5,51944,Low
Video,5 Youtubers I Think Will Be Famous...,13-04-2024,2024,4054,730,264,hd,FALSE,Saturday,25,7,140452,Low
Video,How Much Does PewDiePie Make????? 2016,14-04-2024,2024,3778,330,206,hd,FALSE,Saturday,29,6,195645,Low
Video,I Got Really Really Really Bored....,15-04-2024,2024,882,229,52,hd,FALSE,Saturday,25,6,26741,Low
Video,How Much Money Does Penguinz0 Make????? 2016,16-04-2024,2024,2481,357,175,hd,FALSE,Friday,26,7,61836,Low
Video,How Much Money Does CaptainSparkles Make????? 2016,17-04-2024,2024,3531,313,183,hd,FALSE,Thursday,25,7,269989,Low
Video,How Much Money Does Tobuscus Make?????,18-04-2024,2024,810,194,142,hd,FALSE,Wednesday,25,6,33163,Low
Video,COD IS NOT DEAD,19-04-2024,2024,1546,260,202,hd,FALSE,Thursday,25,4,41738,Low
Video,Storm,20-04-2024,2024,4422,663,181,hd,FALSE,Wednesday,25,1,126483,Low
Video,Hearthstone - All Beards Challenge!,21-04-2024,2024,962,205,1433,hd,FALSE,Thursday,25,5,35632,Low
Video,Youtube ad.,22-04-2024,2024,6133,331,38,hd,FALSE,Sunday,25,2,253734,Low
Video,Impossible,23-04-2024,2024,1653,299,233,hd,FALSE,Sunday,25,1,43238,Low
Video,Motivation,24-04-2024,2024,1943,235,174,hd,FALSE,Thursday,25,1,44064,Low
Video,1k Subs,25-04-2024,2024,1253511,93036,195,hd,FALSE,Sunday,25,2,16717225,Low
Video,Yup I is the best at the game.,26-04-2024,2024,3015,339,430,hd,FALSE,Saturday,25,8,131523,Low
Video,Should I join FaZe?????,27-04-2024,2024,10365,1402,210,hd,FALSE,Friday,29,4,428757,Low
Video,Youtube Networks Requirerments. (Machinima TGN 8byte....),28-04-2024,2024,762,154,286,hd,FALSE,Tuesday,25,6,48082,Low
Video,Two Years of Youtube.,29-04-2024,2024,5875,520,271,hd,FALSE,Monday,25,4,212507,Low
Video,How Much Money Does Element Animation Make?????,30-04-2024,2024,1923,261,209,hd,FALSE,Sunday,25,7,89130,Low
Video,How Much Money Does Skydoesminecraft Make????,01-05-2024,2024,933,309,167,hd,FALSE,Sunday,25,6,37540,Low
Video,Should College Athletes Be Paid?????,02-05-2024,2024,1180,241,276,hd,FALSE,Saturday,25,5,43482,Low
Video,Beast Channel Trailer,03-05-2024,2024,1133,179,121,hd,FALSE,Friday,25,3,36002,Low
Video,What It Takes To Be A Full Time Youtuber...,04-05-2024,2024,1024,333,281,hd,FALSE,Thursday,25,9,27511,Low
Video,How Video Games Boosted My SAT Score. Lol,05-05-2024,2024,984,189,177,hd,FALSE,Wednesday,25,8,31860,Low
Video,How Much Money Do I Make?????,06-05-2024,2024,3399,559,250,hd,FALSE,Sunday,22,6,97912,Low
Video,Update,07-05-2024,2024,1001,279,261,hd,FALSE,Thursday,22,1,29258,Low
Video,Subscribers.,08-05-2024,2024,1941,952,180,hd,FALSE,Saturday,22,1,53711,Low
Video,How Much Money Does KyRs Speedys Crew Make?????,09-05-2024,2024,1370,273,174,hd,FALSE,Sunday,22,8,64653,Low
Video,How Many Youtubers Are Millionaries?????,10-05-2024,2024,5098,1279,233,hd,FALSE,Wednesday,22,5,226669,Low
Video,Flappy Bird - Builders Showdown Which is Better?,11-05-2024,2024,1666,369,85,hd,FALSE,Sunday,25,8,55539,Low
Video,New COD Zombies In 2014?????,12-05-2024,2024,1347,288,151,hd,FALSE,Sunday,22,5,44715,Low
Video,Minecraft Mansion Timelapse,13-05-2024,2024,17691,2318,302,hd,FALSE,Saturday,26,3,536509,Low
Video,Top 5 NON-COPYRIGHTED Songs!!!!!,14-05-2024,2024,2370,389,204,hd,FALSE,Monday,22,4,74455,Low
Video,Vanoss vs Speedy! Which is better?,15-05-2024,2024,1903,879,187,hd,FALSE,Sunday,22,6,79662,Low
Video,I Hate Pewdiepie!!!!!,16-05-2024,2024,223406,15684,126,hd,FALSE,Saturday,22,3,2741710,Low
Video,Does Spam Work?????,17-05-2024,2024,4577,616,255,hd,FALSE,Monday,22,3,217178,Low
Video,100th VIDEO SPECIAL!,18-05-2024,2024,9272,1226,284,hd,FALSE,Monday,22,3,229091,Low
Video,The Vortex SMP Episode 1! Just Derping Around and Explaining Things.,19-05-2024,2024,2162,334,1519,hd,FALSE,Saturday,22,11,65046,Low
Video,Has Youtube Met Its Match?????,20-05-2024,2024,1270,227,164,hd,FALSE,Sunday,22,5,47135,Low
Video,How Much Money Does Pewdiepie Make????? (Updated 2015),21-05-2024,2024,17941,1666,250,hd,FALSE,Saturday,31,8,904871,Low
Video,Battle Pirates my base.,22-05-2024,2024,1032,262,176,hd,FALSE,Tuesday,8,4,34869,Low
Video,Battle Pirates Hellstrike Base attack.,23-05-2024,2024,943,268,172,hd,FALSE,Sunday,8,5,30144,Low
Video,Battle Pirates Unstoppable Ship!,24-05-2024,2024,1155,574,133,hd,FALSE,Sunday,8,4,26195,Low
Video,Best Hellstrike Build???? (Battle Pirates),25-05-2024,2024,817,334,97,hd,FALSE,Sunday,8,5,26048,Low
Video,Marauder Builds Battle Pirates In Depth Builds.,26-05-2024,2024,1155,520,186,hd,FALSE,Sunday,8,7,26036,Low
Video,Battle pirates How To Auto Lvl 40 Salvages.,27-05-2024,2024,1063,376,78,hd,FALSE,Sunday,2,8,27547,Low
Video,Hellstrikes vs 7 halos!,28-05-2024,2024,970,283,96,hd,FALSE,Friday,2,4,34715,Low
Video,Battle Pirates Hellstrike vs Epic Base!,29-05-2024,2024,1016,307,58,hd,FALSE,Tuesday,3,6,29973,Low
Video,Battle Pirates Another Hellstrike Fail.,30-05-2024,2024,1045,289,57,hd,FALSE,Wednesday,4,5,29487,Low
Video,Battle pirates Hellstrike fail!,31-05-2024,2024,1022,273,47,hd,FALSE,Wednesday,5,4,30049,Low
Video,Battle Pirates lvl 66 vs Missile Cruiser x Fleet!,01-06-2024,2024,977,239,84,hd,FALSE,Tuesday,3,9,31590,Low
Video,Battle Pirates Hellstrike Too Overpowered????,02-06-2024,2024,978,227,160,sd,FALSE,Saturday,22,5,31331,Low
Video,Battle Pirates All Sentinel Base.,03-06-2024,2024,1088,287,72,hd,FALSE,Thursday,4,5,32427,Low
Video,Battle pirates Lvl 58 Mercury Base Attack!,04-06-2024,2024,1169,270,76,hd,FALSE,Thursday,2,7,44018,Low
Video,Battle Pirates Stingray vs Mercury Epic Battle!,05-06-2024,2024,1215,341,66,hd,FALSE,Thursday,5,7,32612,Low
Video,OpTiC NaDeShOt Got Hack!!,06-06-2024,2024,1334,273,165,hd,FALSE,Wednesday,22,4,39869,Low
Video,Epic Ghost Multiplayer EasterEggs! (PrisonBreak Sovereign and Flooded),07-06-2024,2024,1883,263,100,hd,FALSE,Sunday,11,8,47531,Low
Video,Why Google Does Not Care What We Think....,08-06-2024,2024,4337,633,180,hd,FALSE,Sunday,11,8,210466,Low
Video,My First Kem Strike!,09-06-2024,2024,1800,505,269,hd,FALSE,Saturday,13,4,39604,Low
Video,Google+ The Death Of Youtube?????,10-06-2024,2024,2126,360,163,hd,FALSE,Wednesday,11,5,71701,Low
Video,How Much Money Does PewDiePie Make?????,11-06-2024,2024,10287,1156,332,hd,FALSE,Tuesday,17,6,469451,Low
Video,Most Overpowered Guns In Ghost!,12-06-2024,2024,2195,291,160,hd,FALSE,Monday,11,5,55923,Low
Video,Are Minecraft Faction Has A New Pet! (poopymiscquidlepants),13-06-2024,2024,1681,272,15,hd,FALSE,Thursday,11,8,55398,Low
Video,Battle Pirates!,14-06-2024,2024,2041,528,215,hd,FALSE,Saturday,11,2,49086,Low
Video,How To Duplicate Diamonds!!!!,15-06-2024,2024,4202,534,37,hd,FALSE,Sunday,11,4,101482,Low
Video,50k Video Views!!!! EpicSauce!,16-06-2024,2024,6375,659,103,hd,FALSE,Sunday,11,4,161369,Low
Video,If This Video Gets One Million Views.....,17-06-2024,2024,1025288,69860,46,hd,FALSE,Saturday,0,7,10788959,Low
Video,These Were The Good Days....,18-06-2024,2024,2762,364,52,hd,FALSE,Thursday,11,5,84716,Low
Video,Channel Update.,19-06-2024,2024,2815,351,162,hd,FALSE,Friday,11,2,86350,Low
Video,Funny Noob Tubing Reaction Montage!,20-06-2024,2024,2176,414,149,hd,FALSE,Friday,11,5,64491,Low
Video,Minecraft How To Grief Without Being Seen!,21-06-2024,2024,3790,561,63,hd,FALSE,Wednesday,11,7,99291,Low
Video,Buried Round 50 Gameplay! Black ops 2 Zombies.,22-06-2024,2024,2463,368,82,hd,FALSE,Monday,11,8,64725,Low
Video,Minecraft Lets Play Ep. # 2 - Having Fun and Derping!,23-06-2024,2024,4840,760,898,hd,FALSE,Monday,11,11,107196,Low
Video,Worlds Biggest Ball Of TNT Minecraft!  Challenge Video!,24-06-2024,2024,13058,1409,105,hd,FALSE,Friday,11,8,367171,Low
Video,How To Get A Gaming Partnership And What It Is.,25-06-2024,2024,2003,486,409,hd,FALSE,Thursday,11,10,45535,Low
Video,Camping Montage.... LOL,26-06-2024,2024,2065,411,200,hd,FALSE,Monday,11,3,51686,Low
Video,Black Ops 2! Mini Update Video.,27-06-2024,2024,2242,624,235,hd,FALSE,Monday,11,6,44233,Low
Video,Randomness,28-06-2024,2024,2321,746,318,hd,FALSE,Friday,11,1,44364,Low
Video,203 Kill Game! Thanks For 300 Subscribers!,29-06-2024,2024,3821,890,266,hd,FALSE,Thursday,11,7,87063,Low
Video,Call of Duty Ghost Multiplier Reveal Trailer Release Date!,30-06-2024,2024,2194,464,230,hd,FALSE,Tuesday,11,9,52274,Low
Video,Insane Black Ops 2 HACKER!!!!,01-07-2024,2024,3817,530,359,hd,FALSE,Tuesday,11,5,128307,Low
Video,Top Subscribed To Channels? BO2 w/ commentary!,02-07-2024,2024,2581,600,338,hd,FALSE,Sunday,11,7,56373,Low
Video,Career Ender ....  LOL,03-07-2024,2024,2436,356,26,hd,FALSE,Sunday,11,4,74805,Low
Video,I Bought A New Microphone!  (quality test),04-07-2024,2024,3036,490,175,hd,FALSE,Saturday,12,7,82148,Low
Video,Top 10 Worst Guns in Call Of Duty History!,05-07-2024,2024,4723,557,259,hd,FALSE,Thursday,4,9,113040,Low
Video,Black ops 2 Patch news!,06-07-2024,2024,2725,610,233,hd,FALSE,Wednesday,5,5,61705,Low
Video,Black ops 2 Invisible equipment and scorestreak glitch!,07-07-2024,2024,3053,436,147,hd,FALSE,Sunday,6,8,76589,Low
Video,Im Back! Update Video....,08-07-2024,2024,3919,574,204,hd,FALSE,Friday,6,4,94242,Low
Video,Minecraft Lets Play! Ep. 1. The Beginning!,09-07-2024,2024,17422,2182,1107,hd,FALSE,Monday,3,7,456567,Low
Video,Channel Trailer....,10-07-2024,2024,6041,690,48,hd,FALSE,Saturday,2,2,140192,Low
Video,Black ops 2 Shotgun gameplay w/ commentary....  Ps4 or Xbox?,11-07-2024,2024,4201,678,362,hd,FALSE,Saturday,9,10,137591,Low
Video,Black ops 2 Gameplay w/ commentary. Hipsters,12-07-2024,2024,7379,727,261,hd,FALSE,Wednesday,6,7,181669,Low
Video,Project Zomboid Lets Play ep [04] lots of stuff,13-07-2024,2024,3144,754,945,hd,FALSE,Tuesday,2,9,61763,Low
Video,Project Zomboid Lets Play ep. [03] Looting and storing.,14-07-2024,2024,3076,744,1474,hd,FALSE,Monday,0,9,61897,Low
Video,Project Zomboid lets play ep. [02] Just some chores.,15-07-2024,2024,3110,668,860,hd,FALSE,Saturday,6,9,61526,Low
Video,Project Zomboid Lets Play ep [01] Roughing it out!,16-07-2024,2024,4440,647,1194,hd,FALSE,Saturday,4,9,102938,Low
Video,Gunpowder plus mod! (Grenade mod) Epic explosions for minecraft.,17-07-2024,2024,4377,650,158,hd,FALSE,Sunday,7,9,105101,Low
Video,Horse racing map for new update! (minecraft),18-07-2024,2024,4364,716,88,hd,FALSE,Sunday,8,7,105600,Low
Video,Amazing minecraft Cathedral!,19-07-2024,2024,7954,1013,58,hd,FALSE,Sunday,3,3,215789,Low
Video,Huge WW2 jeep! Minecraft creations.,20-07-2024,2024,10724,1084,64,hd,FALSE,Sunday,5,5,303114,Low
Video,Story time!,21-07-2024,2024,12491,1428,193,hd,FALSE,Thursday,5,2,287755,Low
Video,Epic Minecraft city! (w/ download link!),22-07-2024,2024,6320,840,154,hd,FALSE,Thursday,5,6,178237,Low
Video,Pokemon online battle #9 [rb] Hidden power ice ftw!,23-07-2024,2024,4254,628,319,sd,FALSE,Sunday,7,9,86231,Low
Video,Pokemon online battle #8 Stone edge,24-07-2024,2024,4806,1305,327,sd,FALSE,Friday,3,6,81691,Low
Video,Online pokemon battle #7 [uu] 5-0,25-07-2024,2024,5438,758,261,sd,FALSE,Thursday,1,6,106609,Low
Video,Magic karp sweeps whole team of LEGENDARIES!!!,26-07-2024,2024,4328,754,215,sd,FALSE,Monday,1,7,93529,Low
Video,Pokemon online battles #5 [uu] Heracross never seems to dissapoint me...,27-07-2024,2024,4900,944,268,sd,FALSE,Sunday,1,11,87469,Low
Video,This is a detailed break down of my favorite UU team... ENJOY!,28-07-2024,2024,4845,836,564,hd,FALSE,Friday,6,12,92513,Low
Video,Pokemon online battle #4 [uu] Same old team,29-07-2024,2024,698718,849,279,sd,FALSE,Thursday,6,8,104335,Low
Video,Online pokemon battle #3 [uu] Ice punch,30-07-2024,2024,698718,1139,205,sd,FALSE,Wednesday,5,7,92788,Low
Video,Pokemon online battle #2 [uu] Herracross w/ Dat MOXIE BOOST,31-07-2024,2024,698718,1073,169,sd,FALSE,Tuesday,7,10,136799,Low
Video,Why I Havent Been Uploading,01-08-2024,2024,698718,1512,363,sd,FALSE,Monday,4,5,450948,Low
Video,Most Epic Thing In Minecraft!?!?!?!?!?!!?????,02-08-2024,2024,9966,1565,273,hd,FALSE,Sunday,3,5,226966,Low
Video,Epic minecraft apartment complex!,03-08-2024,2024,11851,1803,53,hd,FALSE,Sunday,4,4,260123,Low
Video,Crazy Illulsions In Minecraft. (Bigre),04-08-2024,2024,15039,2134,155,hd,FALSE,Sunday,6,5,402827,Low
Video,Best Minecraft Castle Ever?,05-08-2024,2024,11042,1752,222,hd,FALSE,Sunday,0,4,198232,Low
Video,How to get unlimited diamonds! minecraft (x-ray),06-08-2024,2024,14121,1652,134,hd,FALSE,Saturday,10,7,293778,Low
Video,Drinks in minecraft (mod),07-08-2024,2024,698718,1321,43,hd,FALSE,Saturday,9,4,271069,Low
Video,Emerald tool mod! (minecraft),08-08-2024,2024,14183,1639,49,hd,FALSE,Wednesday,4,4,270565,Low
Video,This is a block? Since when lol.,09-08-2024,2024,18570,3434,52,hd,FALSE,Monday,12,7,445281,Low
Video,Scary minecraft pig skin!,10-08-2024,2024,19931,2596,29,hd,FALSE,Sunday,5,4,497735,Low
Video,Most Epic minecraft skin EVER  (Psy),11-08-2024,2024,23003,2534,31,hd,FALSE,Sunday,6,6,540975,Low
Video,More birds IN MINECRAFT!!,12-08-2024,2024,27327,2871,126,hd,FALSE,Saturday,7,4,648343,Low
Video,Boxy item mod Minecraft.  EPIC,13-08-2024,2024,32029,3524,90,hd,FALSE,Saturday,5,5,747652,Low
Video,Harry Potter Mod In Minecraft! EPIC MUST SEE MOD!!!,14-08-2024,2024,698718,6573,239,hd,FALSE,Friday,6,9,2664190,Low
Video,Worst Minecraft Saw Trap Ever???,15-08-2024,2024,608085,89216,157,hd,FALSE,Monday,4,5,12372088,Low
